{
  "type": "FeatureCollection",
  "features": [
    {
      "type": "Feature",
      "geometry": {
        "type": "Point",
        "coordinates": [
          120.21948149917496,
          22.99621292152779
        ]
      },
      "properties": {
        "filename_key": "Street View 360 362",
        "image_id": "362",
        "motorcycle_count": 1,
        "scooter_count": 0,
        "parking_space_count": 0,
        "other_count": 0,
        "total_detections": 1
      }
    },
    {
      "type": "Feature",
      "geometry": {
        "type": "Point",
        "coordinates": [
          120.21678716004828,
          22.997085758818425
        ]
      },
      "properties": {
        "filename_key": "Street View 360 410",
        "image_id": "410",
        "motorcycle_count": 1,
        "scooter_count": 0,
        "parking_space_count": 1,
        "other_count": 0,
        "total_detections": 2
      }
    },
    {
      "type": "Feature",
      "geometry": {
        "type": "Point",
        "coordinates": [
          120.21586969148674,
          22.996495207221866
        ]
      },
      "properties": {
        "filename_key": "Street View 360 376",
        "image_id": "376",
        "motorcycle_count": 1,
        "scooter_count": 0,
        "parking_space_count": 0,
        "other_count": 0,
        "total_detections": 1
      }
    },
    {
      "type": "Feature",
      "geometry": {
        "type": "Point",
        "coordinates": [
          120.21676893225808,
          22.997313910542836
        ]
      },
      "properties": {
        "filename_key": "Street View 360 438",
        "image_id": "438",
        "motorcycle_count": 2,
        "scooter_count": 0,
        "parking_space_count": 0,
        "other_count": 0,
        "total_detections": 2
      }
    },
    {
      "type": "Feature",
      "geometry": {
        "type": "Point",
        "coordinates": [
          120.21706559583524,
          22.995962879577807
        ]
      },
      "properties": {
        "filename_key": "Street View 360 389",
        "image_id": "389",
        "motorcycle_count": 1,
        "scooter_count": 0,
        "parking_space_count": 0,
        "other_count": 0,
        "total_detections": 1
      }
    },
    {
      "type": "Feature",
      "geometry": {
        "type": "Point",
        "coordinates": [
          120.21912980641518,
          22.996226370032584
        ]
      },
      "properties": {
        "filename_key": "Street View 360 160",
        "image_id": "160",
        "motorcycle_count": 2,
        "scooter_count": 0,
        "parking_space_count": 0,
        "other_count": 0,
        "total_detections": 2
      }
    },
    {
      "type": "Feature",
      "geometry": {
        "type": "Point",
        "coordinates": [
          120.21415625632355,
          22.99436495666453
        ]
      },
      "properties": {
        "filename_key": "Street View 360 148",
        "image_id": "148",
        "motorcycle_count": 1,
        "scooter_count": 0,
        "parking_space_count": 0,
        "other_count": 0,
        "total_detections": 1
      }
    },
    {
      "type": "Feature",
      "geometry": {
        "type": "Point",
        "coordinates": [
          120.21490396066748,
          22.996298856363218
        ]
      },
      "properties": {
        "filename_key": "Street View 360 202",
        "image_id": "202",
        "motorcycle_count": 1,
        "scooter_count": 0,
        "parking_space_count": 0,
        "other_count": 0,
        "total_detections": 1
      }
    },
    {
      "type": "Feature",
      "geometry": {
        "type": "Point",
        "coordinates": [
          120.21838917045322,
          22.99623837077425
        ]
      },
      "properties": {
        "filename_key": "Street View 360 216",
        "image_id": "216",
        "motorcycle_count": 1,
        "scooter_count": 0,
        "parking_space_count": 0,
        "other_count": 0,
        "total_detections": 1
      }
    },
    {
      "type": "Feature",
      "geometry": {
        "type": "Point",
        "coordinates": [
          120.21836240146186,
          22.996267656341217
        ]
      },
      "properties": {
        "filename_key": "Street View 360 217",
        "image_id": "217",
        "motorcycle_count": 1,
        "scooter_count": 0,
        "parking_space_count": 0,
        "other_count": 0,
        "total_detections": 1
      }
    },
    {
      "type": "Feature",
      "geometry": {
        "type": "Point",
        "coordinates": [
          120.21488494009357,
          22.996119961840165
        ]
      },
      "properties": {
        "filename_key": "Street View 360 203",
        "image_id": "203",
        "motorcycle_count": 1,
        "scooter_count": 0,
        "parking_space_count": 0,
        "other_count": 0,
        "total_detections": 1
      }
    },
    {
      "type": "Feature",
      "geometry": {
        "type": "Point",
        "coordinates": [
          120.21363362687994,
          22.996346213945547
        ]
      },
      "properties": {
        "filename_key": "Street View 360 175",
        "image_id": "175",
        "motorcycle_count": 1,
        "scooter_count": 0,
        "parking_space_count": 0,
        "other_count": 0,
        "total_detections": 1
      }
    },
    {
      "type": "Feature",
      "geometry": {
        "type": "Point",
        "coordinates": [
          120.21706031242917,
          22.995874105299634
        ]
      },
      "properties": {
        "filename_key": "Street View 360 388",
        "image_id": "388",
        "motorcycle_count": 1,
        "scooter_count": 0,
        "parking_space_count": 0,
        "other_count": 0,
        "total_detections": 1
      }
    },
    {
      "type": "Feature",
      "geometry": {
        "type": "Point",
        "coordinates": [
          120.2192337117346,
          22.994190140913123
        ]
      },
      "properties": {
        "filename_key": "Street View 360 23",
        "image_id": "23",
        "motorcycle_count": 2,
        "scooter_count": 0,
        "parking_space_count": 1,
        "other_count": 0,
        "total_detections": 3
      }
    },
    {
      "type": "Feature",
      "geometry": {
        "type": "Point",
        "coordinates": [
          120.21663878400186,
          22.997325275560957
        ]
      },
      "properties": {
        "filename_key": "Street View 360 439",
        "image_id": "439",
        "motorcycle_count": 2,
        "scooter_count": 0,
        "parking_space_count": 1,
        "other_count": 0,
        "total_detections": 3
      }
    },
    {
      "type": "Feature",
      "geometry": {
        "type": "Point",
        "coordinates": [
          120.21906262013547,
          22.99552640444948
        ]
      },
      "properties": {
        "filename_key": "Street View 360 37",
        "image_id": "37",
        "motorcycle_count": 1,
        "scooter_count": 0,
        "parking_space_count": 1,
        "other_count": 0,
        "total_detections": 2
      }
    },
    {
      "type": "Feature",
      "geometry": {
        "type": "Point",
        "coordinates": [
          120.21948731081511,
          22.996166969338763
        ]
      },
      "properties": {
        "filename_key": "Street View 360 363",
        "image_id": "363",
        "motorcycle_count": 1,
        "scooter_count": 0,
        "parking_space_count": 0,
        "other_count": 0,
        "total_detections": 1
      }
    },
    {
      "type": "Feature",
      "geometry": {
        "type": "Point",
        "coordinates": [
          120.21354600809364,
          22.996497790122447
        ]
      },
      "properties": {
        "filename_key": "Street View 360 405",
        "image_id": "405",
        "motorcycle_count": 1,
        "scooter_count": 0,
        "parking_space_count": 0,
        "other_count": 0,
        "total_detections": 1
      }
    },
    {
      "type": "Feature",
      "geometry": {
        "type": "Point",
        "coordinates": [
          120.21585155162758,
          22.996587331345026
        ]
      },
      "properties": {
        "filename_key": "Street View 360 377",
        "image_id": "377",
        "motorcycle_count": 1,
        "scooter_count": 0,
        "parking_space_count": 0,
        "other_count": 0,
        "total_detections": 1
      }
    },
    {
      "type": "Feature",
      "geometry": {
        "type": "Point",
        "coordinates": [
          120.21676056684628,
          22.996900178031275
        ]
      },
      "properties": {
        "filename_key": "Street View 360 407",
        "image_id": "407",
        "motorcycle_count": 1,
        "scooter_count": 0,
        "parking_space_count": 1,
        "other_count": 0,
        "total_detections": 2
      }
    },
    {
      "type": "Feature",
      "geometry": {
        "type": "Point",
        "coordinates": [
          120.21616468399273,
          22.99560646476694
        ]
      },
      "properties": {
        "filename_key": "Street View 360 361",
        "image_id": "361",
        "motorcycle_count": 1,
        "scooter_count": 0,
        "parking_space_count": 0,
        "other_count": 0,
        "total_detections": 1
      }
    },
    {
      "type": "Feature",
      "geometry": {
        "type": "Point",
        "coordinates": [
          120.21624869069338,
          22.99653225648435
        ]
      },
      "properties": {
        "filename_key": "Street View 360 375",
        "image_id": "375",
        "motorcycle_count": 1,
        "scooter_count": 0,
        "parking_space_count": 0,
        "other_count": 0,
        "total_detections": 1
      }
    },
    {
      "type": "Feature",
      "geometry": {
        "type": "Point",
        "coordinates": [
          120.21812059973487,
          22.996284302063035
        ]
      },
      "properties": {
        "filename_key": "Street View 360 413",
        "image_id": "413",
        "motorcycle_count": 1,
        "scooter_count": 0,
        "parking_space_count": 0,
        "other_count": 0,
        "total_detections": 1
      }
    },
    {
      "type": "Feature",
      "geometry": {
        "type": "Point",
        "coordinates": [
          120.21366242218699,
          22.994424207485793
        ]
      },
      "properties": {
        "filename_key": "Street View 360 21",
        "image_id": "21",
        "motorcycle_count": 1,
        "scooter_count": 0,
        "parking_space_count": 0,
        "other_count": 0,
        "total_detections": 1
      }
    },
    {
      "type": "Feature",
      "geometry": {
        "type": "Point",
        "coordinates": [
          120.21394870179442,
          22.99555698841694
        ]
      },
      "properties": {
        "filename_key": "Street View 360 35",
        "image_id": "35",
        "motorcycle_count": 1,
        "scooter_count": 0,
        "parking_space_count": 0,
        "other_count": 0,
        "total_detections": 1
      }
    },
    {
      "type": "Feature",
      "geometry": {
        "type": "Point",
        "coordinates": [
          120.21923485645377,
          22.99622050609138
        ]
      },
      "properties": {
        "filename_key": "Street View 360 163",
        "image_id": "163",
        "motorcycle_count": 2,
        "scooter_count": 0,
        "parking_space_count": 0,
        "other_count": 0,
        "total_detections": 2
      }
    },
    {
      "type": "Feature",
      "geometry": {
        "type": "Point",
        "coordinates": [
          120.21775155626055,
          22.99631530894767
        ]
      },
      "properties": {
        "filename_key": "Street View 360 188",
        "image_id": "188",
        "motorcycle_count": 1,
        "scooter_count": 0,
        "parking_space_count": 0,
        "other_count": 0,
        "total_detections": 1
      }
    },
    {
      "type": "Feature",
      "geometry": {
        "type": "Point",
        "coordinates": [
          120.21847520102361,
          22.996262955611787
        ]
      },
      "properties": {
        "filename_key": "Street View 360 215",
        "image_id": "215",
        "motorcycle_count": 1,
        "scooter_count": 0,
        "parking_space_count": 1,
        "other_count": 0,
        "total_detections": 2
      }
    },
    {
      "type": "Feature",
      "geometry": {
        "type": "Point",
        "coordinates": [
          120.21489489067191,
          22.996210709787036
        ]
      },
      "properties": {
        "filename_key": "Street View 360 201",
        "image_id": "201",
        "motorcycle_count": 1,
        "scooter_count": 0,
        "parking_space_count": 0,
        "other_count": 0,
        "total_detections": 1
      }
    },
    {
      "type": "Feature",
      "geometry": {
        "type": "Point",
        "coordinates": [
          120.21873117906294,
          22.996248173705336
        ]
      },
      "properties": {
        "filename_key": "Street View 360 229",
        "image_id": "229",
        "motorcycle_count": 1,
        "scooter_count": 0,
        "parking_space_count": 0,
        "other_count": 0,
        "total_detections": 1
      }
    },
    {
      "type": "Feature",
      "geometry": {
        "type": "Point",
        "coordinates": [
          120.21853824898025,
          22.99599518527183
        ]
      },
      "properties": {
        "filename_key": "Street View 360 228",
        "image_id": "228",
        "motorcycle_count": 1,
        "scooter_count": 0,
        "parking_space_count": 0,
        "other_count": 0,
        "total_detections": 1
      }
    },
    {
      "type": "Feature",
      "geometry": {
        "type": "Point",
        "coordinates": [
          120.21521771168383,
          22.996197341176984
        ]
      },
      "properties": {
        "filename_key": "Street View 360 200",
        "image_id": "200",
        "motorcycle_count": 1,
        "scooter_count": 0,
        "parking_space_count": 0,
        "other_count": 0,
        "total_detections": 1
      }
    },
    {
      "type": "Feature",
      "geometry": {
        "type": "Point",
        "coordinates": [
          120.21849378080167,
          22.996229813956862
        ]
      },
      "properties": {
        "filename_key": "Street View 360 214",
        "image_id": "214",
        "motorcycle_count": 0,
        "scooter_count": 0,
        "parking_space_count": 1,
        "other_count": 0,
        "total_detections": 1
      }
    },
    {
      "type": "Feature",
      "geometry": {
        "type": "Point",
        "coordinates": [
          120.21777806120681,
          22.996333517867377
        ]
      },
      "properties": {
        "filename_key": "Street View 360 189",
        "image_id": "189",
        "motorcycle_count": 3,
        "scooter_count": 0,
        "parking_space_count": 0,
        "other_count": 0,
        "total_detections": 3
      }
    },
    {
      "type": "Feature",
      "geometry": {
        "type": "Point",
        "coordinates": [
          120.21349132337447,
          22.9962329560748
        ]
      },
      "properties": {
        "filename_key": "Street View 360 176",
        "image_id": "176",
        "motorcycle_count": 1,
        "scooter_count": 0,
        "parking_space_count": 0,
        "other_count": 0,
        "total_detections": 1
      }
    },
    {
      "type": "Feature",
      "geometry": {
        "type": "Point",
        "coordinates": [
          120.21908208038515,
          22.99618720776375
        ]
      },
      "properties": {
        "filename_key": "Street View 360 162",
        "image_id": "162",
        "motorcycle_count": 1,
        "scooter_count": 0,
        "parking_space_count": 0,
        "other_count": 0,
        "total_detections": 1
      }
    },
    {
      "type": "Feature",
      "geometry": {
        "type": "Point",
        "coordinates": [
          120.21371358447547,
          22.995692258272207
        ]
      },
      "properties": {
        "filename_key": "Street View 360 34",
        "image_id": "34",
        "motorcycle_count": 1,
        "scooter_count": 0,
        "parking_space_count": 0,
        "other_count": 0,
        "total_detections": 1
      }
    },
    {
      "type": "Feature",
      "geometry": {
        "type": "Point",
        "coordinates": [
          120.21376404227242,
          22.994415955071197
        ]
      },
      "properties": {
        "filename_key": "Street View 360 20",
        "image_id": "20",
        "motorcycle_count": 1,
        "scooter_count": 0,
        "parking_space_count": 0,
        "other_count": 0,
        "total_detections": 1
      }
    },
    {
      "type": "Feature",
      "geometry": {
        "type": "Point",
        "coordinates": [
          120.21595264168482,
          22.996572549653713
        ]
      },
      "properties": {
        "filename_key": "Street View 360 374",
        "image_id": "374",
        "motorcycle_count": 1,
        "scooter_count": 0,
        "parking_space_count": 0,
        "other_count": 0,
        "total_detections": 1
      }
    },
    {
      "type": "Feature",
      "geometry": {
        "type": "Point",
        "coordinates": [
          120.21606244935103,
          22.995621076004827
        ]
      },
      "properties": {
        "filename_key": "Street View 360 360",
        "image_id": "360",
        "motorcycle_count": 1,
        "scooter_count": 0,
        "parking_space_count": 0,
        "other_count": 0,
        "total_detections": 1
      }
    },
    {
      "type": "Feature",
      "geometry": {
        "type": "Point",
        "coordinates": [
          120.21383290436563,
          22.995937001307972
        ]
      },
      "properties": {
        "filename_key": "Street View 360 358",
        "image_id": "358",
        "motorcycle_count": 1,
        "scooter_count": 0,
        "parking_space_count": 0,
        "other_count": 0,
        "total_detections": 1
      }
    },
    {
      "type": "Feature",
      "geometry": {
        "type": "Point",
        "coordinates": [
          120.21903629155784,
          22.994219037428604
        ]
      },
      "properties": {
        "filename_key": "Street View 360 24",
        "image_id": "24",
        "motorcycle_count": 1,
        "scooter_count": 0,
        "parking_space_count": 0,
        "other_count": 0,
        "total_detections": 1
      }
    },
    {
      "type": "Feature",
      "geometry": {
        "type": "Point",
        "coordinates": [
          120.2175613544969,
          22.99544536315638
        ]
      },
      "properties": {
        "filename_key": "Street View 360 30",
        "image_id": "30",
        "motorcycle_count": 1,
        "scooter_count": 0,
        "parking_space_count": 0,
        "other_count": 0,
        "total_detections": 1
      }
    },
    {
      "type": "Feature",
      "geometry": {
        "type": "Point",
        "coordinates": [
          120.21950994098718,
          22.996100534280725
        ]
      },
      "properties": {
        "filename_key": "Street View 360 364",
        "image_id": "364",
        "motorcycle_count": 1,
        "scooter_count": 0,
        "parking_space_count": 0,
        "other_count": 0,
        "total_detections": 1
      }
    },
    {
      "type": "Feature",
      "geometry": {
        "type": "Point",
        "coordinates": [
          120.21812588309854,
          22.99548271274386
        ]
      },
      "properties": {
        "filename_key": "Street View 360 402",
        "image_id": "402",
        "motorcycle_count": 1,
        "scooter_count": 0,
        "parking_space_count": 0,
        "other_count": 0,
        "total_detections": 1
      }
    },
    {
      "type": "Feature",
      "geometry": {
        "type": "Point",
        "coordinates": [
          120.21819262957455,
          22.996394899462256
        ]
      },
      "properties": {
        "filename_key": "Street View 360 416",
        "image_id": "416",
        "motorcycle_count": 1,
        "scooter_count": 0,
        "parking_space_count": 0,
        "other_count": 0,
        "total_detections": 1
      }
    },
    {
      "type": "Feature",
      "geometry": {
        "type": "Point",
        "coordinates": [
          120.2192905954596,
          22.99617761444676
        ]
      },
      "properties": {
        "filename_key": "Street View 360 166",
        "image_id": "166",
        "motorcycle_count": 1,
        "scooter_count": 0,
        "parking_space_count": 0,
        "other_count": 0,
        "total_detections": 1
      }
    },
    {
      "type": "Feature",
      "geometry": {
        "type": "Point",
        "coordinates": [
          120.21938860095311,
          22.996172324742556
        ]
      },
      "properties": {
        "filename_key": "Street View 360 172",
        "image_id": "172",
        "motorcycle_count": 1,
        "scooter_count": 0,
        "parking_space_count": 0,
        "other_count": 0,
        "total_detections": 1
      }
    },
    {
      "type": "Feature",
      "geometry": {
        "type": "Point",
        "coordinates": [
          120.2150005604844,
          22.996328359499202
        ]
      },
      "properties": {
        "filename_key": "Street View 360 199",
        "image_id": "199",
        "motorcycle_count": 1,
        "scooter_count": 0,
        "parking_space_count": 0,
        "other_count": 0,
        "total_detections": 1
      }
    },
    {
      "type": "Feature",
      "geometry": {
        "type": "Point",
        "coordinates": [
          120.21321402482867,
          22.994576770849257
        ]
      },
      "properties": {
        "filename_key": "Street View 360 238",
        "image_id": "238",
        "motorcycle_count": 2,
        "scooter_count": 0,
        "parking_space_count": 0,
        "other_count": 0,
        "total_detections": 2
      }
    },
    {
      "type": "Feature",
      "geometry": {
        "type": "Point",
        "coordinates": [
          120.21470054605456,
          22.994278668748986
        ]
      },
      "properties": {
        "filename_key": "Street View 360 210",
        "image_id": "210",
        "motorcycle_count": 1,
        "scooter_count": 0,
        "parking_space_count": 0,
        "other_count": 0,
        "total_detections": 1
      }
    },
    {
      "type": "Feature",
      "geometry": {
        "type": "Point",
        "coordinates": [
          120.21530700246281,
          22.996217887187942
        ]
      },
      "properties": {
        "filename_key": "Street View 360 205",
        "image_id": "205",
        "motorcycle_count": 1,
        "scooter_count": 0,
        "parking_space_count": 0,
        "other_count": 0,
        "total_detections": 1
      }
    },
    {
      "type": "Feature",
      "geometry": {
        "type": "Point",
        "coordinates": [
          120.2148200411703,
          22.994316734224384
        ]
      },
      "properties": {
        "filename_key": "Street View 360 211",
        "image_id": "211",
        "motorcycle_count": 1,
        "scooter_count": 0,
        "parking_space_count": 0,
        "other_count": 0,
        "total_detections": 1
      }
    },
    {
      "type": "Feature",
      "geometry": {
        "type": "Point",
        "coordinates": [
          120.21318743090771,
          22.99448295182414
        ]
      },
      "properties": {
        "filename_key": "Street View 360 239",
        "image_id": "239",
        "motorcycle_count": 1,
        "scooter_count": 0,
        "parking_space_count": 0,
        "other_count": 0,
        "total_detections": 1
      }
    },
    {
      "type": "Feature",
      "geometry": {
        "type": "Point",
        "coordinates": [
          120.2190021260379,
          22.996580925503277
        ]
      },
      "properties": {
        "filename_key": "Street View 360 173",
        "image_id": "173",
        "motorcycle_count": 1,
        "scooter_count": 0,
        "parking_space_count": 0,
        "other_count": 0,
        "total_detections": 1
      }
    },
    {
      "type": "Feature",
      "geometry": {
        "type": "Point",
        "coordinates": [
          120.2189805524447,
          22.996332028185275
        ]
      },
      "properties": {
        "filename_key": "Street View 360 167",
        "image_id": "167",
        "motorcycle_count": 1,
        "scooter_count": 0,
        "parking_space_count": 0,
        "other_count": 0,
        "total_detections": 1
      }
    },
    {
      "type": "Feature",
      "geometry": {
        "type": "Point",
        "coordinates": [
          120.21817008723286,
          22.996034856877824
        ]
      },
      "properties": {
        "filename_key": "Street View 360 417",
        "image_id": "417",
        "motorcycle_count": 1,
        "scooter_count": 0,
        "parking_space_count": 0,
        "other_count": 0,
        "total_detections": 1
      }
    },
    {
      "type": "Feature",
      "geometry": {
        "type": "Point",
        "coordinates": [
          120.21533835108491,
          22.99492429677921
        ]
      },
      "properties": {
        "filename_key": "Street View 360 371",
        "image_id": "371",
        "motorcycle_count": 1,
        "scooter_count": 0,
        "parking_space_count": 0,
        "other_count": 0,
        "total_detections": 1
      }
    },
    {
      "type": "Feature",
      "geometry": {
        "type": "Point",
        "coordinates": [
          120.21406943041254,
          22.99481551071087
        ]
      },
      "properties": {
        "filename_key": "Street View 360 365",
        "image_id": "365",
        "motorcycle_count": 1,
        "scooter_count": 0,
        "parking_space_count": 0,
        "other_count": 0,
        "total_detections": 1
      }
    },
    {
      "type": "Feature",
      "geometry": {
        "type": "Point",
        "coordinates": [
          120.21813953178702,
          22.995669692093895
        ]
      },
      "properties": {
        "filename_key": "Street View 360 403",
        "image_id": "403",
        "motorcycle_count": 1,
        "scooter_count": 0,
        "parking_space_count": 0,
        "other_count": 0,
        "total_detections": 1
      }
    },
    {
      "type": "Feature",
      "geometry": {
        "type": "Point",
        "coordinates": [
          120.21369218613692,
          22.995512712732072
        ]
      },
      "properties": {
        "filename_key": "Street View 360 31",
        "image_id": "31",
        "motorcycle_count": 1,
        "scooter_count": 0,
        "parking_space_count": 0,
        "other_count": 0,
        "total_detections": 1
      }
    },
    {
      "type": "Feature",
      "geometry": {
        "type": "Point",
        "coordinates": [
          120.21893529191532,
          22.994234620580578
        ]
      },
      "properties": {
        "filename_key": "Street View 360 25",
        "image_id": "25",
        "motorcycle_count": 1,
        "scooter_count": 0,
        "parking_space_count": 0,
        "other_count": 0,
        "total_detections": 1
      }
    },
    {
      "type": "Feature",
      "geometry": {
        "type": "Point",
        "coordinates": [
          120.2142911621898,
          22.995809978665807
        ]
      },
      "properties": {
        "filename_key": "Street View 360 359",
        "image_id": "359",
        "motorcycle_count": 1,
        "scooter_count": 0,
        "parking_space_count": 0,
        "other_count": 0,
        "total_detections": 1
      }
    },
    {
      "type": "Feature",
      "geometry": {
        "type": "Point",
        "coordinates": [
          120.2136809145827,
          22.995419864323747
        ]
      },
      "properties": {
        "filename_key": "Street View 360 33",
        "image_id": "33",
        "motorcycle_count": 1,
        "scooter_count": 0,
        "parking_space_count": 0,
        "other_count": 0,
        "total_detections": 1
      }
    },
    {
      "type": "Feature",
      "geometry": {
        "type": "Point",
        "coordinates": [
          120.21785194041432,
          22.995412439247097
        ]
      },
      "properties": {
        "filename_key": "Street View 360 27",
        "image_id": "27",
        "motorcycle_count": 1,
        "scooter_count": 0,
        "parking_space_count": 0,
        "other_count": 0,
        "total_detections": 1
      }
    },
    {
      "type": "Feature",
      "geometry": {
        "type": "Point",
        "coordinates": [
          120.2161509470429,
          22.996545600121564
        ]
      },
      "properties": {
        "filename_key": "Street View 360 373",
        "image_id": "373",
        "motorcycle_count": 1,
        "scooter_count": 0,
        "parking_space_count": 0,
        "other_count": 0,
        "total_detections": 1
      }
    },
    {
      "type": "Feature",
      "geometry": {
        "type": "Point",
        "coordinates": [
          120.2181766033789,
          22.996123372175983
        ]
      },
      "properties": {
        "filename_key": "Street View 360 415",
        "image_id": "415",
        "motorcycle_count": 1,
        "scooter_count": 0,
        "parking_space_count": 0,
        "other_count": 0,
        "total_detections": 1
      }
    },
    {
      "type": "Feature",
      "geometry": {
        "type": "Point",
        "coordinates": [
          120.21813257535885,
          22.995575615595307
        ]
      },
      "properties": {
        "filename_key": "Street View 360 401",
        "image_id": "401",
        "motorcycle_count": 1,
        "scooter_count": 0,
        "parking_space_count": 0,
        "other_count": 0,
        "total_detections": 1
      }
    },
    {
      "type": "Feature",
      "geometry": {
        "type": "Point",
        "coordinates": [
          120.21403728896043,
          22.99554966168786
        ]
      },
      "properties": {
        "filename_key": "Street View 360 367",
        "image_id": "367",
        "motorcycle_count": 2,
        "scooter_count": 0,
        "parking_space_count": 0,
        "other_count": 0,
        "total_detections": 2
      }
    },
    {
      "type": "Feature",
      "geometry": {
        "type": "Point",
        "coordinates": [
          120.21486336582818,
          22.99594102852854
        ]
      },
      "properties": {
        "filename_key": "Street View 360 398",
        "image_id": "398",
        "motorcycle_count": 1,
        "scooter_count": 0,
        "parking_space_count": 0,
        "other_count": 0,
        "total_detections": 1
      }
    },
    {
      "type": "Feature",
      "geometry": {
        "type": "Point",
        "coordinates": [
          120.21584679651843,
          22.99533244214332
        ]
      },
      "properties": {
        "filename_key": "Street View 360 159",
        "image_id": "159",
        "motorcycle_count": 1,
        "scooter_count": 0,
        "parking_space_count": 0,
        "other_count": 0,
        "total_detections": 1
      }
    },
    {
      "type": "Feature",
      "geometry": {
        "type": "Point",
        "coordinates": [
          120.21895624912734,
          22.996106889364746
        ]
      },
      "properties": {
        "filename_key": "Street View 360 171",
        "image_id": "171",
        "motorcycle_count": 1,
        "scooter_count": 0,
        "parking_space_count": 0,
        "other_count": 0,
        "total_detections": 1
      }
    },
    {
      "type": "Feature",
      "geometry": {
        "type": "Point",
        "coordinates": [
          120.21901225241716,
          22.996189708391846
        ]
      },
      "properties": {
        "filename_key": "Street View 360 165",
        "image_id": "165",
        "motorcycle_count": 1,
        "scooter_count": 0,
        "parking_space_count": 1,
        "other_count": 0,
        "total_detections": 2
      }
    },
    {
      "type": "Feature",
      "geometry": {
        "type": "Point",
        "coordinates": [
          120.21501579454205,
          22.99430417124753
        ]
      },
      "properties": {
        "filename_key": "Street View 360 8",
        "image_id": "8",
        "motorcycle_count": 1,
        "scooter_count": 0,
        "parking_space_count": 0,
        "other_count": 0,
        "total_detections": 1
      }
    },
    {
      "type": "Feature",
      "geometry": {
        "type": "Point",
        "coordinates": [
          120.21540606760557,
          22.99428102324216
        ]
      },
      "properties": {
        "filename_key": "Street View 360 207",
        "image_id": "207",
        "motorcycle_count": 1,
        "scooter_count": 0,
        "parking_space_count": 0,
        "other_count": 0,
        "total_detections": 1
      }
    },
    {
      "type": "Feature",
      "geometry": {
        "type": "Point",
        "coordinates": [
          120.21470926383012,
          22.994356565631684
        ]
      },
      "properties": {
        "filename_key": "Street View 360 213",
        "image_id": "213",
        "motorcycle_count": 1,
        "scooter_count": 0,
        "parking_space_count": 0,
        "other_count": 0,
        "total_detections": 1
      }
    },
    {
      "type": "Feature",
      "geometry": {
        "type": "Point",
        "coordinates": [
          120.21463652762462,
          22.994322554968885
        ]
      },
      "properties": {
        "filename_key": "Street View 360 212",
        "image_id": "212",
        "motorcycle_count": 1,
        "scooter_count": 0,
        "parking_space_count": 0,
        "other_count": 0,
        "total_detections": 1
      }
    },
    {
      "type": "Feature",
      "geometry": {
        "type": "Point",
        "coordinates": [
          120.21520573579568,
          22.994290694806203
        ]
      },
      "properties": {
        "filename_key": "Street View 360 9",
        "image_id": "9",
        "motorcycle_count": 1,
        "scooter_count": 0,
        "parking_space_count": 0,
        "other_count": 0,
        "total_detections": 1
      }
    },
    {
      "type": "Feature",
      "geometry": {
        "type": "Point",
        "coordinates": [
          120.21902898295508,
          22.996232085937613
        ]
      },
      "properties": {
        "filename_key": "Street View 360 164",
        "image_id": "164",
        "motorcycle_count": 1,
        "scooter_count": 0,
        "parking_space_count": 1,
        "other_count": 0,
        "total_detections": 2
      }
    },
    {
      "type": "Feature",
      "geometry": {
        "type": "Point",
        "coordinates": [
          120.21893071302821,
          22.996237758466723
        ]
      },
      "properties": {
        "filename_key": "Street View 360 170",
        "image_id": "170",
        "motorcycle_count": 1,
        "scooter_count": 0,
        "parking_space_count": 1,
        "other_count": 0,
        "total_detections": 2
      }
    },
    {
      "type": "Feature",
      "geometry": {
        "type": "Point",
        "coordinates": [
          120.21485447194631,
          22.995848502469887
        ]
      },
      "properties": {
        "filename_key": "Street View 360 399",
        "image_id": "399",
        "motorcycle_count": 1,
        "scooter_count": 0,
        "parking_space_count": 0,
        "other_count": 0,
        "total_detections": 1
      }
    },
    {
      "type": "Feature",
      "geometry": {
        "type": "Point",
        "coordinates": [
          120.21412314624655,
          22.99492265803042
        ]
      },
      "properties": {
        "filename_key": "Street View 360 366",
        "image_id": "366",
        "motorcycle_count": 1,
        "scooter_count": 0,
        "parking_space_count": 0,
        "other_count": 0,
        "total_detections": 1
      }
    },
    {
      "type": "Feature",
      "geometry": {
        "type": "Point",
        "coordinates": [
          120.21818840288579,
          22.99630107061999
        ]
      },
      "properties": {
        "filename_key": "Street View 360 414",
        "image_id": "414",
        "motorcycle_count": 1,
        "scooter_count": 0,
        "parking_space_count": 0,
        "other_count": 0,
        "total_detections": 1
      }
    },
    {
      "type": "Feature",
      "geometry": {
        "type": "Point",
        "coordinates": [
          120.21775340544303,
          22.995423573193648
        ]
      },
      "properties": {
        "filename_key": "Street View 360 26",
        "image_id": "26",
        "motorcycle_count": 1,
        "scooter_count": 0,
        "parking_space_count": 0,
        "other_count": 0,
        "total_detections": 1
      }
    },
    {
      "type": "Feature",
      "geometry": {
        "type": "Point",
        "coordinates": [
          120.21370292933614,
          22.99560247629039
        ]
      },
      "properties": {
        "filename_key": "Street View 360 32",
        "image_id": "32",
        "motorcycle_count": 1,
        "scooter_count": 0,
        "parking_space_count": 0,
        "other_count": 0,
        "total_detections": 1
      }
    },
    {
      "type": "Feature",
      "geometry": {
        "type": "Point",
        "coordinates": [
          120.21390035748097,
          22.99664226610055
        ]
      },
      "properties": {
        "filename_key": "Street View 360 428",
        "image_id": "428",
        "motorcycle_count": 0,
        "scooter_count": 0,
        "parking_space_count": 1,
        "other_count": 0,
        "total_detections": 1
      }
    },
    {
      "type": "Feature",
      "geometry": {
        "type": "Point",
        "coordinates": [
          120.21898389855326,
          22.997001204912678
        ]
      },
      "properties": {
        "filename_key": "Street View 360 69",
        "image_id": "69",
        "motorcycle_count": 0,
        "scooter_count": 0,
        "parking_space_count": 1,
        "other_count": 0,
        "total_detections": 1
      }
    },
    {
      "type": "Feature",
      "geometry": {
        "type": "Point",
        "coordinates": [
          120.21310377449896,
          22.99450423889264
        ]
      },
      "properties": {
        "filename_key": "Street View 360 315",
        "image_id": "315",
        "motorcycle_count": 1,
        "scooter_count": 0,
        "parking_space_count": 0,
        "other_count": 0,
        "total_detections": 1
      }
    },
    {
      "type": "Feature",
      "geometry": {
        "type": "Point",
        "coordinates": [
          120.21821173772837,
          22.996684052083136
        ]
      },
      "properties": {
        "filename_key": "Street View 360 473",
        "image_id": "473",
        "motorcycle_count": 1,
        "scooter_count": 0,
        "parking_space_count": 0,
        "other_count": 0,
        "total_detections": 1
      }
    },
    {
      "type": "Feature",
      "geometry": {
        "type": "Point",
        "coordinates": [
          120.21644752395028,
          22.996505277851696
        ]
      },
      "properties": {
        "filename_key": "Street View 360 467",
        "image_id": "467",
        "motorcycle_count": 1,
        "scooter_count": 0,
        "parking_space_count": 0,
        "other_count": 0,
        "total_detections": 1
      }
    },
    {
      "type": "Feature",
      "geometry": {
        "type": "Point",
        "coordinates": [
          120.21478569844362,
          22.995196284995842
        ]
      },
      "properties": {
        "filename_key": "Street View 360 301",
        "image_id": "301",
        "motorcycle_count": 1,
        "scooter_count": 0,
        "parking_space_count": 0,
        "other_count": 0,
        "total_detections": 1
      }
    },
    {
      "type": "Feature",
      "geometry": {
        "type": "Point",
        "coordinates": [
          120.21539056941926,
          22.995701323405854
        ]
      },
      "properties": {
        "filename_key": "Street View 360 329",
        "image_id": "329",
        "motorcycle_count": 1,
        "scooter_count": 0,
        "parking_space_count": 0,
        "other_count": 0,
        "total_detections": 1
      }
    },
    {
      "type": "Feature",
      "geometry": {
        "type": "Point",
        "coordinates": [
          120.21389172771096,
          22.996838505557978
        ]
      },
      "properties": {
        "filename_key": "Street View 360 55",
        "image_id": "55",
        "motorcycle_count": 1,
        "scooter_count": 0,
        "parking_space_count": 0,
        "other_count": 0,
        "total_detections": 1
      }
    },
    {
      "type": "Feature",
      "geometry": {
        "type": "Point",
        "coordinates": [
          120.21653082601415,
          22.995558948735102
        ]
      },
      "properties": {
        "filename_key": "Street View 360 41",
        "image_id": "41",
        "motorcycle_count": 1,
        "scooter_count": 0,
        "parking_space_count": 0,
        "other_count": 0,
        "total_detections": 1
      }
    },
    {
      "type": "Feature",
      "geometry": {
        "type": "Point",
        "coordinates": [
          120.21716650885034,
          22.994771244462907
        ]
      },
      "properties": {
        "filename_key": "Street View 360 96",
        "image_id": "96",
        "motorcycle_count": 1,
        "scooter_count": 0,
        "parking_space_count": 0,
        "other_count": 0,
        "total_detections": 1
      }
    },
    {
      "type": "Feature",
      "geometry": {
        "type": "Point",
        "coordinates": [
          120.21486547922575,
          22.996723635018753
        ]
      },
      "properties": {
        "filename_key": "Street View 360 498",
        "image_id": "498",
        "motorcycle_count": 1,
        "scooter_count": 0,
        "parking_space_count": 0,
        "other_count": 0,
        "total_detections": 1
      }
    },
    {
      "type": "Feature",
      "geometry": {
        "type": "Point",
        "coordinates": [
          120.214852886898,
          22.994892165465536
        ]
      },
      "properties": {
        "filename_key": "Street View 360 82",
        "image_id": "82",
        "motorcycle_count": 1,
        "scooter_count": 0,
        "parking_space_count": 0,
        "other_count": 0,
        "total_detections": 1
      }
    },
    {
      "type": "Feature",
      "geometry": {
        "type": "Point",
        "coordinates": [
          120.21928874629864,
          22.99473730858277
        ]
      },
      "properties": {
        "filename_key": "Street View 360 117",
        "image_id": "117",
        "motorcycle_count": 1,
        "scooter_count": 0,
        "parking_space_count": 0,
        "other_count": 0,
        "total_detections": 1
      }
    },
    {
      "type": "Feature",
      "geometry": {
        "type": "Point",
        "coordinates": [
          120.21704199661987,
          22.99560592274487
        ]
      },
      "properties": {
        "filename_key": "Street View 360 103",
        "image_id": "103",
        "motorcycle_count": 2,
        "scooter_count": 0,
        "parking_space_count": 0,
        "other_count": 0,
        "total_detections": 2
      }
    },
    {
      "type": "Feature",
      "geometry": {
        "type": "Point",
        "coordinates": [
          120.21281934231324,
          22.994518735186286
        ]
      },
      "properties": {
        "filename_key": "Street View 360 261",
        "image_id": "261",
        "motorcycle_count": 0,
        "scooter_count": 0,
        "parking_space_count": 1,
        "other_count": 0,
        "total_detections": 1
      }
    },
    {
      "type": "Feature",
      "geometry": {
        "type": "Point",
        "coordinates": [
          120.21675105669327,
          22.996530929265642
        ]
      },
      "properties": {
        "filename_key": "Street View 360 507",
        "image_id": "507",
        "motorcycle_count": 2,
        "scooter_count": 0,
        "parking_space_count": 0,
        "other_count": 0,
        "total_detections": 2
      }
    },
    {
      "type": "Feature",
      "geometry": {
        "type": "Point",
        "coordinates": [
          120.21536001333065,
          22.996658898438955
        ]
      },
      "properties": {
        "filename_key": "Street View 360 513",
        "image_id": "513",
        "motorcycle_count": 1,
        "scooter_count": 0,
        "parking_space_count": 0,
        "other_count": 0,
        "total_detections": 1
      }
    },
    {
      "type": "Feature",
      "geometry": {
        "type": "Point",
        "coordinates": [
          120.21870661153268,
          22.994455395223685
        ]
      },
      "properties": {
        "filename_key": "Street View 360 249",
        "image_id": "249",
        "motorcycle_count": 1,
        "scooter_count": 0,
        "parking_space_count": 0,
        "other_count": 0,
        "total_detections": 1
      }
    },
    {
      "type": "Feature",
      "geometry": {
        "type": "Point",
        "coordinates": [
          120.21871506487695,
          22.99454571669762
        ]
      },
      "properties": {
        "filename_key": "Street View 360 248",
        "image_id": "248",
        "motorcycle_count": 0,
        "scooter_count": 0,
        "parking_space_count": 1,
        "other_count": 0,
        "total_detections": 1
      }
    },
    {
      "type": "Feature",
      "geometry": {
        "type": "Point",
        "coordinates": [
          120.21545819785531,
          22.996645790814043
        ]
      },
      "properties": {
        "filename_key": "Street View 360 512",
        "image_id": "512",
        "motorcycle_count": 1,
        "scooter_count": 0,
        "parking_space_count": 0,
        "other_count": 0,
        "total_detections": 1
      }
    },
    {
      "type": "Feature",
      "geometry": {
        "type": "Point",
        "coordinates": [
          120.21333836454706,
          22.9953145365268
        ]
      },
      "properties": {
        "filename_key": "Street View 360 274",
        "image_id": "274",
        "motorcycle_count": 1,
        "scooter_count": 0,
        "parking_space_count": 0,
        "other_count": 0,
        "total_detections": 1
      }
    },
    {
      "type": "Feature",
      "geometry": {
        "type": "Point",
        "coordinates": [
          120.21796456429958,
          22.997185308689602
        ]
      },
      "properties": {
        "filename_key": "Street View 360 506",
        "image_id": "506",
        "motorcycle_count": 1,
        "scooter_count": 0,
        "parking_space_count": 1,
        "other_count": 0,
        "total_detections": 2
      }
    },
    {
      "type": "Feature",
      "geometry": {
        "type": "Point",
        "coordinates": [
          120.21716518799985,
          22.995491469040566
        ]
      },
      "properties": {
        "filename_key": "Street View 360 102",
        "image_id": "102",
        "motorcycle_count": 1,
        "scooter_count": 0,
        "parking_space_count": 0,
        "other_count": 0,
        "total_detections": 1
      }
    },
    {
      "type": "Feature",
      "geometry": {
        "type": "Point",
        "coordinates": [
          120.21926805330524,
          22.994999565083393
        ]
      },
      "properties": {
        "filename_key": "Street View 360 116",
        "image_id": "116",
        "motorcycle_count": 0,
        "scooter_count": 0,
        "parking_space_count": 1,
        "other_count": 0,
        "total_detections": 1
      }
    },
    {
      "type": "Feature",
      "geometry": {
        "type": "Point",
        "coordinates": [
          120.21516699026773,
          22.994676281103665
        ]
      },
      "properties": {
        "filename_key": "Street View 360 83",
        "image_id": "83",
        "motorcycle_count": 1,
        "scooter_count": 0,
        "parking_space_count": 0,
        "other_count": 0,
        "total_detections": 1
      }
    },
    {
      "type": "Feature",
      "geometry": {
        "type": "Point",
        "coordinates": [
          120.21717971735448,
          22.995037792832857
        ]
      },
      "properties": {
        "filename_key": "Street View 360 97",
        "image_id": "97",
        "motorcycle_count": 1,
        "scooter_count": 0,
        "parking_space_count": 1,
        "other_count": 0,
        "total_detections": 2
      }
    },
    {
      "type": "Feature",
      "geometry": {
        "type": "Point",
        "coordinates": [
          120.2136429611392,
          22.997073893145476
        ]
      },
      "properties": {
        "filename_key": "Street View 360 54",
        "image_id": "54",
        "motorcycle_count": 1,
        "scooter_count": 0,
        "parking_space_count": 0,
        "other_count": 0,
        "total_detections": 1
      }
    },
    {
      "type": "Feature",
      "geometry": {
        "type": "Point",
        "coordinates": [
          120.21806098576697,
          22.995388727964
        ]
      },
      "properties": {
        "filename_key": "Street View 360 328",
        "image_id": "328",
        "motorcycle_count": 1,
        "scooter_count": 0,
        "parking_space_count": 0,
        "other_count": 0,
        "total_detections": 1
      }
    },
    {
      "type": "Feature",
      "geometry": {
        "type": "Point",
        "coordinates": [
          120.21770629531014,
          22.99724104517338
        ]
      },
      "properties": {
        "filename_key": "Street View 360 466",
        "image_id": "466",
        "motorcycle_count": 0,
        "scooter_count": 0,
        "parking_space_count": 1,
        "other_count": 0,
        "total_detections": 1
      }
    },
    {
      "type": "Feature",
      "geometry": {
        "type": "Point",
        "coordinates": [
          120.2190340901715,
          22.997049436557074
        ]
      },
      "properties": {
        "filename_key": "Street View 360 68",
        "image_id": "68",
        "motorcycle_count": 0,
        "scooter_count": 0,
        "parking_space_count": 1,
        "other_count": 0,
        "total_detections": 1
      }
    },
    {
      "type": "Feature",
      "geometry": {
        "type": "Point",
        "coordinates": [
          120.21819720848724,
          22.996494389804543
        ]
      },
      "properties": {
        "filename_key": "Street View 360 472",
        "image_id": "472",
        "motorcycle_count": 1,
        "scooter_count": 0,
        "parking_space_count": 0,
        "other_count": 0,
        "total_detections": 1
      }
    },
    {
      "type": "Feature",
      "geometry": {
        "type": "Point",
        "coordinates": [
          120.21762607596109,
          22.997140520056803
        ]
      },
      "properties": {
        "filename_key": "Street View 360 464",
        "image_id": "464",
        "motorcycle_count": 0,
        "scooter_count": 0,
        "parking_space_count": 1,
        "other_count": 0,
        "total_detections": 1
      }
    },
    {
      "type": "Feature",
      "geometry": {
        "type": "Point",
        "coordinates": [
          120.21750464614027,
          22.997275581210452
        ]
      },
      "properties": {
        "filename_key": "Street View 360 458",
        "image_id": "458",
        "motorcycle_count": 1,
        "scooter_count": 0,
        "parking_space_count": 1,
        "other_count": 0,
        "total_detections": 2
      }
    },
    {
      "type": "Feature",
      "geometry": {
        "type": "Point",
        "coordinates": [
          120.21376210497517,
          22.99668432934408
        ]
      },
      "properties": {
        "filename_key": "Street View 360 56",
        "image_id": "56",
        "motorcycle_count": 0,
        "scooter_count": 0,
        "parking_space_count": 1,
        "other_count": 0,
        "total_detections": 1
      }
    },
    {
      "type": "Feature",
      "geometry": {
        "type": "Point",
        "coordinates": [
          120.21524157539892,
          22.99491711605225
        ]
      },
      "properties": {
        "filename_key": "Street View 360 81",
        "image_id": "81",
        "motorcycle_count": 1,
        "scooter_count": 0,
        "parking_space_count": 0,
        "other_count": 0,
        "total_detections": 1
      }
    },
    {
      "type": "Feature",
      "geometry": {
        "type": "Point",
        "coordinates": [
          120.2132768991768,
          22.994950422503972
        ]
      },
      "properties": {
        "filename_key": "Street View 360 114",
        "image_id": "114",
        "motorcycle_count": 1,
        "scooter_count": 0,
        "parking_space_count": 0,
        "other_count": 0,
        "total_detections": 1
      }
    },
    {
      "type": "Feature",
      "geometry": {
        "type": "Point",
        "coordinates": [
          120.2144705374658,
          22.99534561445085
        ]
      },
      "properties": {
        "filename_key": "Street View 360 128",
        "image_id": "128",
        "motorcycle_count": 1,
        "scooter_count": 0,
        "parking_space_count": 0,
        "other_count": 0,
        "total_detections": 1
      }
    },
    {
      "type": "Feature",
      "geometry": {
        "type": "Point",
        "coordinates": [
          120.2132923095517,
          22.995041585214043
        ]
      },
      "properties": {
        "filename_key": "Street View 360 276",
        "image_id": "276",
        "motorcycle_count": 1,
        "scooter_count": 0,
        "parking_space_count": 0,
        "other_count": 0,
        "total_detections": 1
      }
    },
    {
      "type": "Feature",
      "geometry": {
        "type": "Point",
        "coordinates": [
          120.21536212672031,
          22.996571851243765
        ]
      },
      "properties": {
        "filename_key": "Street View 360 510",
        "image_id": "510",
        "motorcycle_count": 1,
        "scooter_count": 0,
        "parking_space_count": 0,
        "other_count": 0,
        "total_detections": 1
      }
    },
    {
      "type": "Feature",
      "geometry": {
        "type": "Point",
        "coordinates": [
          120.2152617406751,
          22.996671778641566
        ]
      },
      "properties": {
        "filename_key": "Street View 360 504",
        "image_id": "504",
        "motorcycle_count": 1,
        "scooter_count": 0,
        "parking_space_count": 0,
        "other_count": 0,
        "total_detections": 1
      }
    },
    {
      "type": "Feature",
      "geometry": {
        "type": "Point",
        "coordinates": [
          120.21410720761614,
          22.995199167432283
        ]
      },
      "properties": {
        "filename_key": "Street View 360 289",
        "image_id": "289",
        "motorcycle_count": 1,
        "scooter_count": 0,
        "parking_space_count": 0,
        "other_count": 0,
        "total_detections": 1
      }
    },
    {
      "type": "Feature",
      "geometry": {
        "type": "Point",
        "coordinates": [
          120.21725720721878,
          22.994611405266888
        ]
      },
      "properties": {
        "filename_key": "Street View 360 288",
        "image_id": "288",
        "motorcycle_count": 0,
        "scooter_count": 0,
        "parking_space_count": 1,
        "other_count": 0,
        "total_detections": 1
      }
    },
    {
      "type": "Feature",
      "geometry": {
        "type": "Point",
        "coordinates": [
          120.21252487069975,
          22.994459624093142
        ]
      },
      "properties": {
        "filename_key": "Street View 360 263",
        "image_id": "263",
        "motorcycle_count": 1,
        "scooter_count": 0,
        "parking_space_count": 1,
        "other_count": 0,
        "total_detections": 2
      }
    },
    {
      "type": "Feature",
      "geometry": {
        "type": "Point",
        "coordinates": [
          120.21335359879629,
          22.995406965051366
        ]
      },
      "properties": {
        "filename_key": "Street View 360 277",
        "image_id": "277",
        "motorcycle_count": 1,
        "scooter_count": 0,
        "parking_space_count": 0,
        "other_count": 0,
        "total_detections": 1
      }
    },
    {
      "type": "Feature",
      "geometry": {
        "type": "Point",
        "coordinates": [
          120.21425893273297,
          22.99536452905761
        ]
      },
      "properties": {
        "filename_key": "Street View 360 129",
        "image_id": "129",
        "motorcycle_count": 1,
        "scooter_count": 0,
        "parking_space_count": 0,
        "other_count": 0,
        "total_detections": 1
      }
    },
    {
      "type": "Feature",
      "geometry": {
        "type": "Point",
        "coordinates": [
          120.21917004772232,
          22.995005918993453
        ]
      },
      "properties": {
        "filename_key": "Street View 360 115",
        "image_id": "115",
        "motorcycle_count": 1,
        "scooter_count": 0,
        "parking_space_count": 0,
        "other_count": 0,
        "total_detections": 1
      }
    },
    {
      "type": "Feature",
      "geometry": {
        "type": "Point",
        "coordinates": [
          120.21706559583524,
          22.995504380584077
        ]
      },
      "properties": {
        "filename_key": "Street View 360 101",
        "image_id": "101",
        "motorcycle_count": 1,
        "scooter_count": 0,
        "parking_space_count": 0,
        "other_count": 0,
        "total_detections": 1
      }
    },
    {
      "type": "Feature",
      "geometry": {
        "type": "Point",
        "coordinates": [
          120.21517051258891,
          22.994763704952096
        ]
      },
      "properties": {
        "filename_key": "Street View 360 80",
        "image_id": "80",
        "motorcycle_count": 2,
        "scooter_count": 0,
        "parking_space_count": 0,
        "other_count": 0,
        "total_detections": 2
      }
    },
    {
      "type": "Feature",
      "geometry": {
        "type": "Point",
        "coordinates": [
          120.21358272873779,
          22.99671058804779
        ]
      },
      "properties": {
        "filename_key": "Street View 360 57",
        "image_id": "57",
        "motorcycle_count": 1,
        "scooter_count": 0,
        "parking_space_count": 0,
        "other_count": 0,
        "total_detections": 1
      }
    },
    {
      "type": "Feature",
      "geometry": {
        "type": "Point",
        "coordinates": [
          120.21626647826886,
          22.9955918637425
        ]
      },
      "properties": {
        "filename_key": "Street View 360 43",
        "image_id": "43",
        "motorcycle_count": 1,
        "scooter_count": 0,
        "parking_space_count": 0,
        "other_count": 0,
        "total_detections": 1
      }
    },
    {
      "type": "Feature",
      "geometry": {
        "type": "Point",
        "coordinates": [
          120.21645536103887,
          22.99524890376851
        ]
      },
      "properties": {
        "filename_key": "Street View 360 317",
        "image_id": "317",
        "motorcycle_count": 1,
        "scooter_count": 0,
        "parking_space_count": 0,
        "other_count": 0,
        "total_detections": 1
      }
    },
    {
      "type": "Feature",
      "geometry": {
        "type": "Point",
        "coordinates": [
          120.21477539562386,
          22.995104791282692
        ]
      },
      "properties": {
        "filename_key": "Street View 360 303",
        "image_id": "303",
        "motorcycle_count": 1,
        "scooter_count": 0,
        "parking_space_count": 0,
        "other_count": 0,
        "total_detections": 1
      }
    },
    {
      "type": "Feature",
      "geometry": {
        "type": "Point",
        "coordinates": [
          120.21666775476822,
          22.99554641116395
        ]
      },
      "properties": {
        "filename_key": "Street View 360 47",
        "image_id": "47",
        "motorcycle_count": 1,
        "scooter_count": 0,
        "parking_space_count": 0,
        "other_count": 0,
        "total_detections": 1
      }
    },
    {
      "type": "Feature",
      "geometry": {
        "type": "Point",
        "coordinates": [
          120.21370583528329,
          22.996755107022537
        ]
      },
      "properties": {
        "filename_key": "Street View 360 53",
        "image_id": "53",
        "motorcycle_count": 2,
        "scooter_count": 0,
        "parking_space_count": 0,
        "other_count": 0,
        "total_detections": 2
      }
    },
    {
      "type": "Feature",
      "geometry": {
        "type": "Point",
        "coordinates": [
          120.21895228662953,
          22.99662168019818
        ]
      },
      "properties": {
        "filename_key": "Street View 360 449",
        "image_id": "449",
        "motorcycle_count": 1,
        "scooter_count": 0,
        "parking_space_count": 1,
        "other_count": 0,
        "total_detections": 2
      }
    },
    {
      "type": "Feature",
      "geometry": {
        "type": "Point",
        "coordinates": [
          120.21734130128145,
          22.99718878021338
        ]
      },
      "properties": {
        "filename_key": "Street View 360 461",
        "image_id": "461",
        "motorcycle_count": 0,
        "scooter_count": 0,
        "parking_space_count": 1,
        "other_count": 0,
        "total_detections": 1
      }
    },
    {
      "type": "Feature",
      "geometry": {
        "type": "Point",
        "coordinates": [
          120.21476535697819,
          22.995016437681937
        ]
      },
      "properties": {
        "filename_key": "Street View 360 307",
        "image_id": "307",
        "motorcycle_count": 1,
        "scooter_count": 0,
        "parking_space_count": 0,
        "other_count": 0,
        "total_detections": 1
      }
    },
    {
      "type": "Feature",
      "geometry": {
        "type": "Point",
        "coordinates": [
          120.21878321994525,
          22.994975105263666
        ]
      },
      "properties": {
        "filename_key": "Street View 360 313",
        "image_id": "313",
        "motorcycle_count": 0,
        "scooter_count": 0,
        "parking_space_count": 1,
        "other_count": 0,
        "total_detections": 1
      }
    },
    {
      "type": "Feature",
      "geometry": {
        "type": "Point",
        "coordinates": [
          120.21826052074445,
          22.997241544910356
        ]
      },
      "properties": {
        "filename_key": "Street View 360 475",
        "image_id": "475",
        "motorcycle_count": 1,
        "scooter_count": 0,
        "parking_space_count": 0,
        "other_count": 0,
        "total_detections": 1
      }
    },
    {
      "type": "Feature",
      "geometry": {
        "type": "Point",
        "coordinates": [
          120.21303059711276,
          22.99422221771349
        ]
      },
      "properties": {
        "filename_key": "Street View 360 84",
        "image_id": "84",
        "motorcycle_count": 1,
        "scooter_count": 0,
        "parking_space_count": 0,
        "other_count": 0,
        "total_detections": 1
      }
    },
    {
      "type": "Feature",
      "geometry": {
        "type": "Point",
        "coordinates": [
          120.21312068190375,
          22.994376729712478
        ]
      },
      "properties": {
        "filename_key": "Street View 360 90",
        "image_id": "90",
        "motorcycle_count": 1,
        "scooter_count": 0,
        "parking_space_count": 0,
        "other_count": 0,
        "total_detections": 1
      }
    },
    {
      "type": "Feature",
      "geometry": {
        "type": "Point",
        "coordinates": [
          120.2171960078411,
          22.99642208467634
        ]
      },
      "properties": {
        "filename_key": "Street View 360 139",
        "image_id": "139",
        "motorcycle_count": 1,
        "scooter_count": 0,
        "parking_space_count": 0,
        "other_count": 0,
        "total_detections": 1
      }
    },
    {
      "type": "Feature",
      "geometry": {
        "type": "Point",
        "coordinates": [
          120.21869190623462,
          22.994270440327544
        ]
      },
      "properties": {
        "filename_key": "Street View 360 111",
        "image_id": "111",
        "motorcycle_count": 1,
        "scooter_count": 0,
        "parking_space_count": 1,
        "other_count": 0,
        "total_detections": 2
      }
    },
    {
      "type": "Feature",
      "geometry": {
        "type": "Point",
        "coordinates": [
          120.21899640243187,
          22.99718604652518
        ]
      },
      "properties": {
        "filename_key": "Street View 360 515",
        "image_id": "515",
        "motorcycle_count": 1,
        "scooter_count": 0,
        "parking_space_count": 0,
        "other_count": 0,
        "total_detections": 1
      }
    },
    {
      "type": "Feature",
      "geometry": {
        "type": "Point",
        "coordinates": [
          120.21502187055302,
          22.996531108863383
        ]
      },
      "properties": {
        "filename_key": "Street View 360 501",
        "image_id": "501",
        "motorcycle_count": 1,
        "scooter_count": 0,
        "parking_space_count": 0,
        "other_count": 0,
        "total_detections": 1
      }
    },
    {
      "type": "Feature",
      "geometry": {
        "type": "Point",
        "coordinates": [
          120.21808889954849,
          22.995013364606443
        ]
      },
      "properties": {
        "filename_key": "Street View 360 298",
        "image_id": "298",
        "motorcycle_count": 1,
        "scooter_count": 0,
        "parking_space_count": 0,
        "other_count": 0,
        "total_detections": 1
      }
    },
    {
      "type": "Feature",
      "geometry": {
        "type": "Point",
        "coordinates": [
          120.21809453513774,
          22.99510452245683
        ]
      },
      "properties": {
        "filename_key": "Street View 360 299",
        "image_id": "299",
        "motorcycle_count": 1,
        "scooter_count": 0,
        "parking_space_count": 0,
        "other_count": 0,
        "total_detections": 1
      }
    },
    {
      "type": "Feature",
      "geometry": {
        "type": "Point",
        "coordinates": [
          120.21292166752299,
          22.9945130397284
        ]
      },
      "properties": {
        "filename_key": "Street View 360 266",
        "image_id": "266",
        "motorcycle_count": 0,
        "scooter_count": 0,
        "parking_space_count": 1,
        "other_count": 0,
        "total_detections": 1
      }
    },
    {
      "type": "Feature",
      "geometry": {
        "type": "Point",
        "coordinates": [
          120.21900318270359,
          22.997280896539408
        ]
      },
      "properties": {
        "filename_key": "Street View 360 514",
        "image_id": "514",
        "motorcycle_count": 0,
        "scooter_count": 0,
        "parking_space_count": 1,
        "other_count": 0,
        "total_detections": 1
      }
    },
    {
      "type": "Feature",
      "geometry": {
        "type": "Point",
        "coordinates": [
          120.21344465201814,
          22.995169047669386
        ]
      },
      "properties": {
        "filename_key": "Street View 360 272",
        "image_id": "272",
        "motorcycle_count": 1,
        "scooter_count": 0,
        "parking_space_count": 0,
        "other_count": 0,
        "total_detections": 1
      }
    },
    {
      "type": "Feature",
      "geometry": {
        "type": "Point",
        "coordinates": [
          120.21635629668268,
          22.995259491751824
        ]
      },
      "properties": {
        "filename_key": "Street View 360 110",
        "image_id": "110",
        "motorcycle_count": 1,
        "scooter_count": 0,
        "parking_space_count": 0,
        "other_count": 0,
        "total_detections": 1
      }
    },
    {
      "type": "Feature",
      "geometry": {
        "type": "Point",
        "coordinates": [
          120.21696644387968,
          22.995515806980656
        ]
      },
      "properties": {
        "filename_key": "Street View 360 104",
        "image_id": "104",
        "motorcycle_count": 2,
        "scooter_count": 0,
        "parking_space_count": 0,
        "other_count": 0,
        "total_detections": 2
      }
    },
    {
      "type": "Feature",
      "geometry": {
        "type": "Point",
        "coordinates": [
          120.21709509484849,
          22.99643650255346
        ]
      },
      "properties": {
        "filename_key": "Street View 360 138",
        "image_id": "138",
        "motorcycle_count": 1,
        "scooter_count": 0,
        "parking_space_count": 0,
        "other_count": 0,
        "total_detections": 1
      }
    },
    {
      "type": "Feature",
      "geometry": {
        "type": "Point",
        "coordinates": [
          120.21328614540195,
          22.99423105825606
        ]
      },
      "properties": {
        "filename_key": "Street View 360 91",
        "image_id": "91",
        "motorcycle_count": 2,
        "scooter_count": 0,
        "parking_space_count": 0,
        "other_count": 0,
        "total_detections": 2
      }
    },
    {
      "type": "Feature",
      "geometry": {
        "type": "Point",
        "coordinates": [
          120.21299607780219,
          22.994288275989206
        ]
      },
      "properties": {
        "filename_key": "Street View 360 85",
        "image_id": "85",
        "motorcycle_count": 1,
        "scooter_count": 0,
        "parking_space_count": 0,
        "other_count": 0,
        "total_detections": 1
      }
    },
    {
      "type": "Feature",
      "geometry": {
        "type": "Point",
        "coordinates": [
          120.21891609581064,
          22.995007493880507
        ]
      },
      "properties": {
        "filename_key": "Street View 360 312",
        "image_id": "312",
        "motorcycle_count": 0,
        "scooter_count": 0,
        "parking_space_count": 1,
        "other_count": 0,
        "total_detections": 1
      }
    },
    {
      "type": "Feature",
      "geometry": {
        "type": "Point",
        "coordinates": [
          120.21736586906556,
          22.997299979309272
        ]
      },
      "properties": {
        "filename_key": "Street View 360 460",
        "image_id": "460",
        "motorcycle_count": 0,
        "scooter_count": 0,
        "parking_space_count": 1,
        "other_count": 0,
        "total_detections": 1
      }
    },
    {
      "type": "Feature",
      "geometry": {
        "type": "Point",
        "coordinates": [
          120.21359822713609,
          22.996800666667376
        ]
      },
      "properties": {
        "filename_key": "Street View 360 52",
        "image_id": "52",
        "motorcycle_count": 1,
        "scooter_count": 0,
        "parking_space_count": 0,
        "other_count": 0,
        "total_detections": 1
      }
    },
    {
      "type": "Feature",
      "geometry": {
        "type": "Point",
        "coordinates": [
          120.21662927384008,
          22.995549964314947
        ]
      },
      "properties": {
        "filename_key": "Street View 360 46",
        "image_id": "46",
        "motorcycle_count": 1,
        "scooter_count": 0,
        "parking_space_count": 0,
        "other_count": 0,
        "total_detections": 1
      }
    },
    {
      "type": "Feature",
      "geometry": {
        "type": "Point",
        "coordinates": [
          120.21481343680048,
          22.995473314427674
        ]
      },
      "properties": {
        "filename_key": "Street View 360 338",
        "image_id": "338",
        "motorcycle_count": 1,
        "scooter_count": 0,
        "parking_space_count": 0,
        "other_count": 0,
        "total_detections": 1
      }
    },
    {
      "type": "Feature",
      "geometry": {
        "type": "Point",
        "coordinates": [
          120.21629580134595,
          22.99542644304984
        ]
      },
      "properties": {
        "filename_key": "Street View 360 44",
        "image_id": "44",
        "motorcycle_count": 1,
        "scooter_count": 0,
        "parking_space_count": 0,
        "other_count": 0,
        "total_detections": 1
      }
    },
    {
      "type": "Feature",
      "geometry": {
        "type": "Point",
        "coordinates": [
          120.21825250765099,
          22.997148591226818
        ]
      },
      "properties": {
        "filename_key": "Street View 360 476",
        "image_id": "476",
        "motorcycle_count": 1,
        "scooter_count": 0,
        "parking_space_count": 0,
        "other_count": 0,
        "total_detections": 1
      }
    },
    {
      "type": "Feature",
      "geometry": {
        "type": "Point",
        "coordinates": [
          120.21404662319117,
          22.994633966366305
        ]
      },
      "properties": {
        "filename_key": "Street View 360 310",
        "image_id": "310",
        "motorcycle_count": 1,
        "scooter_count": 0,
        "parking_space_count": 0,
        "other_count": 0,
        "total_detections": 1
      }
    },
    {
      "type": "Feature",
      "geometry": {
        "type": "Point",
        "coordinates": [
          120.21514435935183,
          22.99490986357594
        ]
      },
      "properties": {
        "filename_key": "Street View 360 78",
        "image_id": "78",
        "motorcycle_count": 2,
        "scooter_count": 0,
        "parking_space_count": 0,
        "other_count": 0,
        "total_detections": 2
      }
    },
    {
      "type": "Feature",
      "geometry": {
        "type": "Point",
        "coordinates": [
          120.21469623119576,
          22.995327599825906
        ]
      },
      "properties": {
        "filename_key": "Street View 360 304",
        "image_id": "304",
        "motorcycle_count": 1,
        "scooter_count": 0,
        "parking_space_count": 0,
        "other_count": 0,
        "total_detections": 1
      }
    },
    {
      "type": "Feature",
      "geometry": {
        "type": "Point",
        "coordinates": [
          120.21760679160975,
          22.997258364287333
        ]
      },
      "properties": {
        "filename_key": "Street View 360 462",
        "image_id": "462",
        "motorcycle_count": 0,
        "scooter_count": 0,
        "parking_space_count": 1,
        "other_count": 0,
        "total_detections": 1
      }
    },
    {
      "type": "Feature",
      "geometry": {
        "type": "Point",
        "coordinates": [
          120.2155612254844,
          22.9942428762231
        ]
      },
      "properties": {
        "filename_key": "Street View 360 93",
        "image_id": "93",
        "motorcycle_count": 1,
        "scooter_count": 0,
        "parking_space_count": 0,
        "other_count": 0,
        "total_detections": 1
      }
    },
    {
      "type": "Feature",
      "geometry": {
        "type": "Point",
        "coordinates": [
          120.21326140074083,
          22.994858294982095
        ]
      },
      "properties": {
        "filename_key": "Street View 360 112",
        "image_id": "112",
        "motorcycle_count": 1,
        "scooter_count": 0,
        "parking_space_count": 0,
        "other_count": 0,
        "total_detections": 1
      }
    },
    {
      "type": "Feature",
      "geometry": {
        "type": "Point",
        "coordinates": [
          120.21704824865122,
          22.995695805113478
        ]
      },
      "properties": {
        "filename_key": "Street View 360 106",
        "image_id": "106",
        "motorcycle_count": 1,
        "scooter_count": 0,
        "parking_space_count": 0,
        "other_count": 0,
        "total_detections": 1
      }
    },
    {
      "type": "Feature",
      "geometry": {
        "type": "Point",
        "coordinates": [
          120.21261786180645,
          22.994530281395182
        ]
      },
      "properties": {
        "filename_key": "Street View 360 258",
        "image_id": "258",
        "motorcycle_count": 0,
        "scooter_count": 0,
        "parking_space_count": 1,
        "other_count": 0,
        "total_detections": 1
      }
    },
    {
      "type": "Feature",
      "geometry": {
        "type": "Point",
        "coordinates": [
          120.21286046613768,
          22.994425238241927
        ]
      },
      "properties": {
        "filename_key": "Street View 360 264",
        "image_id": "264",
        "motorcycle_count": 1,
        "scooter_count": 0,
        "parking_space_count": 1,
        "other_count": 0,
        "total_detections": 2
      }
    },
    {
      "type": "Feature",
      "geometry": {
        "type": "Point",
        "coordinates": [
          120.21806538857201,
          22.99474258515191
        ]
      },
      "properties": {
        "filename_key": "Street View 360 270",
        "image_id": "270",
        "motorcycle_count": 1,
        "scooter_count": 0,
        "parking_space_count": 0,
        "other_count": 0,
        "total_detections": 1
      }
    },
    {
      "type": "Feature",
      "geometry": {
        "type": "Point",
        "coordinates": [
          120.21904721043349,
          22.997231445213018
        ]
      },
      "properties": {
        "filename_key": "Street View 360 516",
        "image_id": "516",
        "motorcycle_count": 0,
        "scooter_count": 0,
        "parking_space_count": 1,
        "other_count": 0,
        "total_detections": 1
      }
    },
    {
      "type": "Feature",
      "geometry": {
        "type": "Point",
        "coordinates": [
          120.21332321835533,
          22.995223400505303
        ]
      },
      "properties": {
        "filename_key": "Street View 360 271",
        "image_id": "271",
        "motorcycle_count": 1,
        "scooter_count": 0,
        "parking_space_count": 0,
        "other_count": 0,
        "total_detections": 1
      }
    },
    {
      "type": "Feature",
      "geometry": {
        "type": "Point",
        "coordinates": [
          120.2190406943304,
          22.99714096422732
        ]
      },
      "properties": {
        "filename_key": "Street View 360 517",
        "image_id": "517",
        "motorcycle_count": 1,
        "scooter_count": 0,
        "parking_space_count": 1,
        "other_count": 0,
        "total_detections": 2
      }
    },
    {
      "type": "Feature",
      "geometry": {
        "type": "Point",
        "coordinates": [
          120.21501033493777,
          22.996626110829258
        ]
      },
      "properties": {
        "filename_key": "Street View 360 503",
        "image_id": "503",
        "motorcycle_count": 2,
        "scooter_count": 0,
        "parking_space_count": 0,
        "other_count": 0,
        "total_detections": 2
      }
    },
    {
      "type": "Feature",
      "geometry": {
        "type": "Point",
        "coordinates": [
          120.21247124227608,
          22.994541073032394
        ]
      },
      "properties": {
        "filename_key": "Street View 360 265",
        "image_id": "265",
        "motorcycle_count": 0,
        "scooter_count": 0,
        "parking_space_count": 1,
        "other_count": 0,
        "total_detections": 1
      }
    },
    {
      "type": "Feature",
      "geometry": {
        "type": "Point",
        "coordinates": [
          120.21265678420102,
          22.994446094458493
        ]
      },
      "properties": {
        "filename_key": "Street View 360 259",
        "image_id": "259",
        "motorcycle_count": 0,
        "scooter_count": 0,
        "parking_space_count": 1,
        "other_count": 0,
        "total_detections": 1
      }
    },
    {
      "type": "Feature",
      "geometry": {
        "type": "Point",
        "coordinates": [
          120.21723184690455,
          22.995398278171336
        ]
      },
      "properties": {
        "filename_key": "Street View 360 107",
        "image_id": "107",
        "motorcycle_count": 0,
        "scooter_count": 1,
        "parking_space_count": 0,
        "other_count": 0,
        "total_detections": 1
      }
    },
    {
      "type": "Feature",
      "geometry": {
        "type": "Point",
        "coordinates": [
          120.21318575778008,
          22.994223566163758
        ]
      },
      "properties": {
        "filename_key": "Street View 360 86",
        "image_id": "86",
        "motorcycle_count": 0,
        "scooter_count": 0,
        "parking_space_count": 1,
        "other_count": 0,
        "total_detections": 1
      }
    },
    {
      "type": "Feature",
      "geometry": {
        "type": "Point",
        "coordinates": [
          120.2132414112781,
          22.99432989944556
        ]
      },
      "properties": {
        "filename_key": "Street View 360 92",
        "image_id": "92",
        "motorcycle_count": 1,
        "scooter_count": 0,
        "parking_space_count": 0,
        "other_count": 0,
        "total_detections": 1
      }
    },
    {
      "type": "Feature",
      "geometry": {
        "type": "Point",
        "coordinates": [
          120.21494966286859,
          22.99489910073867
        ]
      },
      "properties": {
        "filename_key": "Street View 360 79",
        "image_id": "79",
        "motorcycle_count": 1,
        "scooter_count": 0,
        "parking_space_count": 0,
        "other_count": 0,
        "total_detections": 1
      }
    },
    {
      "type": "Feature",
      "geometry": {
        "type": "Point",
        "coordinates": [
          120.21726028920108,
          22.99731906247805
        ]
      },
      "properties": {
        "filename_key": "Street View 360 463",
        "image_id": "463",
        "motorcycle_count": 0,
        "scooter_count": 0,
        "parking_space_count": 1,
        "other_count": 0,
        "total_detections": 1
      }
    },
    {
      "type": "Feature",
      "geometry": {
        "type": "Point",
        "coordinates": [
          120.2136590759437,
          22.99717441222554
        ]
      },
      "properties": {
        "filename_key": "Street View 360 477",
        "image_id": "477",
        "motorcycle_count": 2,
        "scooter_count": 0,
        "parking_space_count": 0,
        "other_count": 0,
        "total_detections": 2
      }
    },
    {
      "type": "Feature",
      "geometry": {
        "type": "Point",
        "coordinates": [
          120.21629483271589,
          22.99567990329364
        ]
      },
      "properties": {
        "filename_key": "Street View 360 45",
        "image_id": "45",
        "motorcycle_count": 1,
        "scooter_count": 0,
        "parking_space_count": 0,
        "other_count": 0,
        "total_detections": 1
      }
    },
    {
      "type": "Feature",
      "geometry": {
        "type": "Point",
        "coordinates": [
          120.21362843139575,
          22.99698328399769
        ]
      },
      "properties": {
        "filename_key": "Street View 360 51",
        "image_id": "51",
        "motorcycle_count": 0,
        "scooter_count": 0,
        "parking_space_count": 1,
        "other_count": 0,
        "total_detections": 1
      }
    },
    {
      "type": "Feature",
      "geometry": {
        "type": "Point",
        "coordinates": [
          120.21369174584184,
          22.99686416389995
        ]
      },
      "properties": {
        "filename_key": "Street View 360 48",
        "image_id": "48",
        "motorcycle_count": 0,
        "scooter_count": 0,
        "parking_space_count": 1,
        "other_count": 0,
        "total_detections": 1
      }
    },
    {
      "type": "Feature",
      "geometry": {
        "type": "Point",
        "coordinates": [
          120.21669214656357,
          22.995241343697828
        ]
      },
      "properties": {
        "filename_key": "Street View 360 334",
        "image_id": "334",
        "motorcycle_count": 1,
        "scooter_count": 0,
        "parking_space_count": 0,
        "other_count": 0,
        "total_detections": 1
      }
    },
    {
      "type": "Feature",
      "geometry": {
        "type": "Point",
        "coordinates": [
          120.21883121025002,
          22.996243361417747
        ]
      },
      "properties": {
        "filename_key": "Street View 360 452",
        "image_id": "452",
        "motorcycle_count": 1,
        "scooter_count": 0,
        "parking_space_count": 0,
        "other_count": 0,
        "total_detections": 1
      }
    },
    {
      "type": "Feature",
      "geometry": {
        "type": "Point",
        "coordinates": [
          120.21686112786675,
          22.99644748995996
        ]
      },
      "properties": {
        "filename_key": "Street View 360 446",
        "image_id": "446",
        "motorcycle_count": 1,
        "scooter_count": 0,
        "parking_space_count": 0,
        "other_count": 0,
        "total_detections": 1
      }
    },
    {
      "type": "Feature",
      "geometry": {
        "type": "Point",
        "coordinates": [
          120.21620915295519,
          22.99527441383207
        ]
      },
      "properties": {
        "filename_key": "Street View 360 320",
        "image_id": "320",
        "motorcycle_count": 3,
        "scooter_count": 0,
        "parking_space_count": 0,
        "other_count": 0,
        "total_detections": 3
      }
    },
    {
      "type": "Feature",
      "geometry": {
        "type": "Point",
        "coordinates": [
          120.21446208385002,
          22.994335243090223
        ]
      },
      "properties": {
        "filename_key": "Street View 360 74",
        "image_id": "74",
        "motorcycle_count": 1,
        "scooter_count": 0,
        "parking_space_count": 0,
        "other_count": 0,
        "total_detections": 1
      }
    },
    {
      "type": "Feature",
      "geometry": {
        "type": "Point",
        "coordinates": [
          120.21498743982062,
          22.995751092717235
        ]
      },
      "properties": {
        "filename_key": "Street View 360 60",
        "image_id": "60",
        "motorcycle_count": 1,
        "scooter_count": 0,
        "parking_space_count": 0,
        "other_count": 0,
        "total_detections": 1
      }
    },
    {
      "type": "Feature",
      "geometry": {
        "type": "Point",
        "coordinates": [
          120.21824458261302,
          22.997056602275716
        ]
      },
      "properties": {
        "filename_key": "Street View 360 491",
        "image_id": "491",
        "motorcycle_count": 1,
        "scooter_count": 0,
        "parking_space_count": 0,
        "other_count": 0,
        "total_detections": 1
      }
    },
    {
      "type": "Feature",
      "geometry": {
        "type": "Point",
        "coordinates": [
          120.21815458937071,
          22.99584638050139
        ]
      },
      "properties": {
        "filename_key": "Street View 360 485",
        "image_id": "485",
        "motorcycle_count": 1,
        "scooter_count": 0,
        "parking_space_count": 0,
        "other_count": 0,
        "total_detections": 1
      }
    },
    {
      "type": "Feature",
      "geometry": {
        "type": "Point",
        "coordinates": [
          120.21716509994317,
          22.996405043551476
        ]
      },
      "properties": {
        "filename_key": "Street View 360 136",
        "image_id": "136",
        "motorcycle_count": 1,
        "scooter_count": 0,
        "parking_space_count": 0,
        "other_count": 0,
        "total_detections": 1
      }
    },
    {
      "type": "Feature",
      "geometry": {
        "type": "Point",
        "coordinates": [
          120.21323022774479,
          22.994672929643823
        ]
      },
      "properties": {
        "filename_key": "Street View 360 240",
        "image_id": "240",
        "motorcycle_count": 1,
        "scooter_count": 0,
        "parking_space_count": 0,
        "other_count": 0,
        "total_detections": 1
      }
    },
    {
      "type": "Feature",
      "geometry": {
        "type": "Point",
        "coordinates": [
          120.21804134925463,
          22.994467082197588
        ]
      },
      "properties": {
        "filename_key": "Street View 360 268",
        "image_id": "268",
        "motorcycle_count": 1,
        "scooter_count": 0,
        "parking_space_count": 0,
        "other_count": 0,
        "total_detections": 1
      }
    },
    {
      "type": "Feature",
      "geometry": {
        "type": "Point",
        "coordinates": [
          120.21471164140516,
          22.9944427547037
        ]
      },
      "properties": {
        "filename_key": "Street View 360 283",
        "image_id": "283",
        "motorcycle_count": 1,
        "scooter_count": 0,
        "parking_space_count": 0,
        "other_count": 0,
        "total_detections": 1
      }
    },
    {
      "type": "Feature",
      "geometry": {
        "type": "Point",
        "coordinates": [
          120.2180808864446,
          22.994921393789124
        ]
      },
      "properties": {
        "filename_key": "Street View 360 297",
        "image_id": "297",
        "motorcycle_count": 2,
        "scooter_count": 0,
        "parking_space_count": 0,
        "other_count": 0,
        "total_detections": 2
      }
    },
    {
      "type": "Feature",
      "geometry": {
        "type": "Point",
        "coordinates": [
          120.21355992143242,
          22.994432316487142
        ]
      },
      "properties": {
        "filename_key": "Street View 360 241",
        "image_id": "241",
        "motorcycle_count": 1,
        "scooter_count": 0,
        "parking_space_count": 0,
        "other_count": 0,
        "total_detections": 1
      }
    },
    {
      "type": "Feature",
      "geometry": {
        "type": "Point",
        "coordinates": [
          120.21706480332435,
          22.996419823888534
        ]
      },
      "properties": {
        "filename_key": "Street View 360 137",
        "image_id": "137",
        "motorcycle_count": 1,
        "scooter_count": 0,
        "parking_space_count": 0,
        "other_count": 0,
        "total_detections": 1
      }
    },
    {
      "type": "Feature",
      "geometry": {
        "type": "Point",
        "coordinates": [
          120.21815247602574,
          22.997087365967502
        ]
      },
      "properties": {
        "filename_key": "Street View 360 490",
        "image_id": "490",
        "motorcycle_count": 1,
        "scooter_count": 0,
        "parking_space_count": 0,
        "other_count": 0,
        "total_detections": 1
      }
    },
    {
      "type": "Feature",
      "geometry": {
        "type": "Point",
        "coordinates": [
          120.21482382767553,
          22.995565281239795
        ]
      },
      "properties": {
        "filename_key": "Street View 360 61",
        "image_id": "61",
        "motorcycle_count": 1,
        "scooter_count": 0,
        "parking_space_count": 0,
        "other_count": 0,
        "total_detections": 1
      }
    },
    {
      "type": "Feature",
      "geometry": {
        "type": "Point",
        "coordinates": [
          120.21426113419885,
          22.99435290807094
        ]
      },
      "properties": {
        "filename_key": "Street View 360 75",
        "image_id": "75",
        "motorcycle_count": 2,
        "scooter_count": 0,
        "parking_space_count": 0,
        "other_count": 0,
        "total_detections": 2
      }
    },
    {
      "type": "Feature",
      "geometry": {
        "type": "Point",
        "coordinates": [
          120.21398189997392,
          22.994544118040213
        ]
      },
      "properties": {
        "filename_key": "Street View 360 309",
        "image_id": "309",
        "motorcycle_count": 1,
        "scooter_count": 0,
        "parking_space_count": 0,
        "other_count": 0,
        "total_detections": 1
      }
    },
    {
      "type": "Feature",
      "geometry": {
        "type": "Point",
        "coordinates": [
          120.21785053151446,
          22.9965357063681
        ]
      },
      "properties": {
        "filename_key": "Street View 360 447",
        "image_id": "447",
        "motorcycle_count": 0,
        "scooter_count": 0,
        "parking_space_count": 1,
        "other_count": 0,
        "total_detections": 1
      }
    },
    {
      "type": "Feature",
      "geometry": {
        "type": "Point",
        "coordinates": [
          120.21611413905488,
          22.99528333396406
        ]
      },
      "properties": {
        "filename_key": "Street View 360 321",
        "image_id": "321",
        "motorcycle_count": 1,
        "scooter_count": 0,
        "parking_space_count": 0,
        "other_count": 0,
        "total_detections": 1
      }
    },
    {
      "type": "Feature",
      "geometry": {
        "type": "Point",
        "coordinates": [
          120.21672129343222,
          22.995325038367437
        ]
      },
      "properties": {
        "filename_key": "Street View 360 335",
        "image_id": "335",
        "motorcycle_count": 1,
        "scooter_count": 0,
        "parking_space_count": 0,
        "other_count": 0,
        "total_detections": 1
      }
    },
    {
      "type": "Feature",
      "geometry": {
        "type": "Point",
        "coordinates": [
          120.21884424247656,
          22.99620138605984
        ]
      },
      "properties": {
        "filename_key": "Street View 360 453",
        "image_id": "453",
        "motorcycle_count": 1,
        "scooter_count": 0,
        "parking_space_count": 0,
        "other_count": 0,
        "total_detections": 1
      }
    },
    {
      "type": "Feature",
      "geometry": {
        "type": "Point",
        "coordinates": [
          120.21592525579717,
          22.995316419820877
        ]
      },
      "properties": {
        "filename_key": "Street View 360 323",
        "image_id": "323",
        "motorcycle_count": 1,
        "scooter_count": 0,
        "parking_space_count": 0,
        "other_count": 0,
        "total_detections": 1
      }
    },
    {
      "type": "Feature",
      "geometry": {
        "type": "Point",
        "coordinates": [
          120.21904597765726,
          22.996530773884636
        ]
      },
      "properties": {
        "filename_key": "Street View 360 451",
        "image_id": "451",
        "motorcycle_count": 1,
        "scooter_count": 0,
        "parking_space_count": 0,
        "other_count": 0,
        "total_detections": 1
      }
    },
    {
      "type": "Feature",
      "geometry": {
        "type": "Point",
        "coordinates": [
          120.21923855477718,
          22.996908534146808
        ]
      },
      "properties": {
        "filename_key": "Street View 360 63",
        "image_id": "63",
        "motorcycle_count": 0,
        "scooter_count": 0,
        "parking_space_count": 1,
        "other_count": 0,
        "total_detections": 1
      }
    },
    {
      "type": "Feature",
      "geometry": {
        "type": "Point",
        "coordinates": [
          120.21352549031921,
          22.99641326902855
        ]
      },
      "properties": {
        "filename_key": "Street View 360 479",
        "image_id": "479",
        "motorcycle_count": 1,
        "scooter_count": 0,
        "parking_space_count": 0,
        "other_count": 0,
        "total_detections": 1
      }
    },
    {
      "type": "Feature",
      "geometry": {
        "type": "Point",
        "coordinates": [
          120.21504520595478,
          22.994904491544204
        ]
      },
      "properties": {
        "filename_key": "Street View 360 77",
        "image_id": "77",
        "motorcycle_count": 1,
        "scooter_count": 0,
        "parking_space_count": 0,
        "other_count": 0,
        "total_detections": 1
      }
    },
    {
      "type": "Feature",
      "geometry": {
        "type": "Point",
        "coordinates": [
          120.21699347732434,
          22.996450576314853
        ]
      },
      "properties": {
        "filename_key": "Street View 360 492",
        "image_id": "492",
        "motorcycle_count": 1,
        "scooter_count": 0,
        "parking_space_count": 0,
        "other_count": 0,
        "total_detections": 1
      }
    },
    {
      "type": "Feature",
      "geometry": {
        "type": "Point",
        "coordinates": [
          120.21271824985958,
          22.994524336280186
        ]
      },
      "properties": {
        "filename_key": "Street View 360 257",
        "image_id": "257",
        "motorcycle_count": 0,
        "scooter_count": 0,
        "parking_space_count": 1,
        "other_count": 0,
        "total_detections": 1
      }
    },
    {
      "type": "Feature",
      "geometry": {
        "type": "Point",
        "coordinates": [
          120.2141219134244,
          22.995382326210677
        ]
      },
      "properties": {
        "filename_key": "Street View 360 294",
        "image_id": "294",
        "motorcycle_count": 2,
        "scooter_count": 0,
        "parking_space_count": 0,
        "other_count": 0,
        "total_detections": 2
      }
    },
    {
      "type": "Feature",
      "geometry": {
        "type": "Point",
        "coordinates": [
          120.21237525702999,
          22.994548226322912
        ]
      },
      "properties": {
        "filename_key": "Street View 360 280",
        "image_id": "280",
        "motorcycle_count": 0,
        "scooter_count": 0,
        "parking_space_count": 1,
        "other_count": 0,
        "total_detections": 1
      }
    },
    {
      "type": "Feature",
      "geometry": {
        "type": "Point",
        "coordinates": [
          120.2124290616123,
          22.99446936244394
        ]
      },
      "properties": {
        "filename_key": "Street View 360 281",
        "image_id": "281",
        "motorcycle_count": 0,
        "scooter_count": 0,
        "parking_space_count": 1,
        "other_count": 0,
        "total_detections": 1
      }
    },
    {
      "type": "Feature",
      "geometry": {
        "type": "Point",
        "coordinates": [
          120.21409118092501,
          22.99501038588792
        ]
      },
      "properties": {
        "filename_key": "Street View 360 295",
        "image_id": "295",
        "motorcycle_count": 1,
        "scooter_count": 0,
        "parking_space_count": 0,
        "other_count": 0,
        "total_detections": 1
      }
    },
    {
      "type": "Feature",
      "geometry": {
        "type": "Point",
        "coordinates": [
          120.21713656956943,
          22.997221585133666
        ]
      },
      "properties": {
        "filename_key": "Street View 360 518",
        "image_id": "518",
        "motorcycle_count": 1,
        "scooter_count": 0,
        "parking_space_count": 0,
        "other_count": 0,
        "total_detections": 1
      }
    },
    {
      "type": "Feature",
      "geometry": {
        "type": "Point",
        "coordinates": [
          120.21321226364203,
          22.994388032208143
        ]
      },
      "properties": {
        "filename_key": "Street View 360 242",
        "image_id": "242",
        "motorcycle_count": 1,
        "scooter_count": 0,
        "parking_space_count": 0,
        "other_count": 0,
        "total_detections": 1
      }
    },
    {
      "type": "Feature",
      "geometry": {
        "type": "Point",
        "coordinates": [
          120.21386213992375,
          22.994403524083587
        ]
      },
      "properties": {
        "filename_key": "Street View 360 256",
        "image_id": "256",
        "motorcycle_count": 1,
        "scooter_count": 0,
        "parking_space_count": 0,
        "other_count": 0,
        "total_detections": 1
      }
    },
    {
      "type": "Feature",
      "geometry": {
        "type": "Point",
        "coordinates": [
          120.21709086812461,
          22.996344803206338
        ]
      },
      "properties": {
        "filename_key": "Street View 360 134",
        "image_id": "134",
        "motorcycle_count": 1,
        "scooter_count": 0,
        "parking_space_count": 0,
        "other_count": 0,
        "total_detections": 1
      }
    },
    {
      "type": "Feature",
      "geometry": {
        "type": "Point",
        "coordinates": [
          120.21444262291995,
          22.9948955745975
        ]
      },
      "properties": {
        "filename_key": "Street View 360 120",
        "image_id": "120",
        "motorcycle_count": 1,
        "scooter_count": 0,
        "parking_space_count": 0,
        "other_count": 0,
        "total_detections": 1
      }
    },
    {
      "type": "Feature",
      "geometry": {
        "type": "Point",
        "coordinates": [
          120.21696344994737,
          22.99643351455125
        ]
      },
      "properties": {
        "filename_key": "Street View 360 493",
        "image_id": "493",
        "motorcycle_count": 1,
        "scooter_count": 0,
        "parking_space_count": 0,
        "other_count": 0,
        "total_detections": 1
      }
    },
    {
      "type": "Feature",
      "geometry": {
        "type": "Point",
        "coordinates": [
          120.21296402414859,
          22.99434980311733
        ]
      },
      "properties": {
        "filename_key": "Street View 360 89",
        "image_id": "89",
        "motorcycle_count": 1,
        "scooter_count": 0,
        "parking_space_count": 0,
        "other_count": 0,
        "total_detections": 1
      }
    },
    {
      "type": "Feature",
      "geometry": {
        "type": "Point",
        "coordinates": [
          120.21533077810383,
          22.996321962349004
        ]
      },
      "properties": {
        "filename_key": "Street View 360 487",
        "image_id": "487",
        "motorcycle_count": 1,
        "scooter_count": 0,
        "parking_space_count": 0,
        "other_count": 0,
        "total_detections": 1
      }
    },
    {
      "type": "Feature",
      "geometry": {
        "type": "Point",
        "coordinates": [
          120.21456572866461,
          22.99432967949761
        ]
      },
      "properties": {
        "filename_key": "Street View 360 76",
        "image_id": "76",
        "motorcycle_count": 1,
        "scooter_count": 0,
        "parking_space_count": 0,
        "other_count": 0,
        "total_detections": 1
      }
    },
    {
      "type": "Feature",
      "geometry": {
        "type": "Point",
        "coordinates": [
          120.21909132620412,
          22.9969161876557
        ]
      },
      "properties": {
        "filename_key": "Street View 360 62",
        "image_id": "62",
        "motorcycle_count": 1,
        "scooter_count": 0,
        "parking_space_count": 0,
        "other_count": 0,
        "total_detections": 1
      }
    },
    {
      "type": "Feature",
      "geometry": {
        "type": "Point",
        "coordinates": [
          120.2143875863375,
          22.99580141991647
        ]
      },
      "properties": {
        "filename_key": "Street View 360 444",
        "image_id": "444",
        "motorcycle_count": 1,
        "scooter_count": 0,
        "parking_space_count": 0,
        "other_count": 0,
        "total_detections": 1
      }
    },
    {
      "type": "Feature",
      "geometry": {
        "type": "Point",
        "coordinates": [
          120.21897315578337,
          22.996870643128823
        ]
      },
      "properties": {
        "filename_key": "Street View 360 66",
        "image_id": "66",
        "motorcycle_count": 1,
        "scooter_count": 0,
        "parking_space_count": 1,
        "other_count": 0,
        "total_detections": 2
      }
    },
    {
      "type": "Feature",
      "geometry": {
        "type": "Point",
        "coordinates": [
          120.21895968329203,
          22.996741144703584
        ]
      },
      "properties": {
        "filename_key": "Street View 360 72",
        "image_id": "72",
        "motorcycle_count": 0,
        "scooter_count": 0,
        "parking_space_count": 1,
        "other_count": 0,
        "total_detections": 1
      }
    },
    {
      "type": "Feature",
      "geometry": {
        "type": "Point",
        "coordinates": [
          120.21663790343135,
          22.996479414060946
        ]
      },
      "properties": {
        "filename_key": "Street View 360 468",
        "image_id": "468",
        "motorcycle_count": 1,
        "scooter_count": 0,
        "parking_space_count": 0,
        "other_count": 0,
        "total_detections": 1
      }
    },
    {
      "type": "Feature",
      "geometry": {
        "type": "Point",
        "coordinates": [
          120.21575292710693,
          22.99660471006654
        ]
      },
      "properties": {
        "filename_key": "Street View 360 440",
        "image_id": "440",
        "motorcycle_count": 1,
        "scooter_count": 0,
        "parking_space_count": 0,
        "other_count": 0,
        "total_detections": 1
      }
    },
    {
      "type": "Feature",
      "geometry": {
        "type": "Point",
        "coordinates": [
          120.21810334074546,
          22.995206077254387
        ]
      },
      "properties": {
        "filename_key": "Street View 360 326",
        "image_id": "326",
        "motorcycle_count": 1,
        "scooter_count": 0,
        "parking_space_count": 0,
        "other_count": 0,
        "total_detections": 1
      }
    },
    {
      "type": "Feature",
      "geometry": {
        "type": "Point",
        "coordinates": [
          120.21874826185905,
          22.99620911877081
        ]
      },
      "properties": {
        "filename_key": "Street View 360 454",
        "image_id": "454",
        "motorcycle_count": 1,
        "scooter_count": 0,
        "parking_space_count": 0,
        "other_count": 0,
        "total_detections": 1
      }
    },
    {
      "type": "Feature",
      "geometry": {
        "type": "Point",
        "coordinates": [
          120.21562726879411,
          22.994962848080483
        ]
      },
      "properties": {
        "filename_key": "Street View 360 99",
        "image_id": "99",
        "motorcycle_count": 1,
        "scooter_count": 0,
        "parking_space_count": 0,
        "other_count": 0,
        "total_detections": 1
      }
    },
    {
      "type": "Feature",
      "geometry": {
        "type": "Point",
        "coordinates": [
          120.21901647907958,
          22.99500449299486
        ]
      },
      "properties": {
        "filename_key": "Street View 360 118",
        "image_id": "118",
        "motorcycle_count": 1,
        "scooter_count": 0,
        "parking_space_count": 1,
        "other_count": 0,
        "total_detections": 2
      }
    },
    {
      "type": "Feature",
      "geometry": {
        "type": "Point",
        "coordinates": [
          120.21422731967887,
          22.994913788171374
        ]
      },
      "properties": {
        "filename_key": "Street View 360 124",
        "image_id": "124",
        "motorcycle_count": 1,
        "scooter_count": 0,
        "parking_space_count": 0,
        "other_count": 0,
        "total_detections": 1
      }
    },
    {
      "type": "Feature",
      "geometry": {
        "type": "Point",
        "coordinates": [
          120.2141390848751,
          22.995566525346803
        ]
      },
      "properties": {
        "filename_key": "Street View 360 130",
        "image_id": "130",
        "motorcycle_count": 1,
        "scooter_count": 0,
        "parking_space_count": 0,
        "other_count": 0,
        "total_detections": 1
      }
    },
    {
      "type": "Feature",
      "geometry": {
        "type": "Point",
        "coordinates": [
          120.21426668189271,
          22.99452217115163
        ]
      },
      "properties": {
        "filename_key": "Street View 360 246",
        "image_id": "246",
        "motorcycle_count": 1,
        "scooter_count": 0,
        "parking_space_count": 0,
        "other_count": 0,
        "total_detections": 1
      }
    },
    {
      "type": "Feature",
      "geometry": {
        "type": "Point",
        "coordinates": [
          120.21400171320704,
          22.995110811189324
        ]
      },
      "properties": {
        "filename_key": "Street View 360 291",
        "image_id": "291",
        "motorcycle_count": 1,
        "scooter_count": 0,
        "parking_space_count": 0,
        "other_count": 0,
        "total_detections": 1
      }
    },
    {
      "type": "Feature",
      "geometry": {
        "type": "Point",
        "coordinates": [
          120.21473885142768,
          22.99473447955241
        ]
      },
      "properties": {
        "filename_key": "Street View 360 285",
        "image_id": "285",
        "motorcycle_count": 1,
        "scooter_count": 0,
        "parking_space_count": 0,
        "other_count": 0,
        "total_detections": 1
      }
    },
    {
      "type": "Feature",
      "geometry": {
        "type": "Point",
        "coordinates": [
          120.21473189482052,
          22.994646217862343
        ]
      },
      "properties": {
        "filename_key": "Street View 360 284",
        "image_id": "284",
        "motorcycle_count": 1,
        "scooter_count": 0,
        "parking_space_count": 0,
        "other_count": 0,
        "total_detections": 1
      }
    },
    {
      "type": "Feature",
      "geometry": {
        "type": "Point",
        "coordinates": [
          120.2141721068894,
          22.994534684239785
        ]
      },
      "properties": {
        "filename_key": "Street View 360 247",
        "image_id": "247",
        "motorcycle_count": 1,
        "scooter_count": 0,
        "parking_space_count": 0,
        "other_count": 0,
        "total_detections": 1
      }
    },
    {
      "type": "Feature",
      "geometry": {
        "type": "Point",
        "coordinates": [
          120.2168543474851,
          22.99647553847748
        ]
      },
      "properties": {
        "filename_key": "Street View 360 509",
        "image_id": "509",
        "motorcycle_count": 2,
        "scooter_count": 0,
        "parking_space_count": 0,
        "other_count": 0,
        "total_detections": 2
      }
    },
    {
      "type": "Feature",
      "geometry": {
        "type": "Point",
        "coordinates": [
          120.21653487664169,
          22.996493372937625
        ]
      },
      "properties": {
        "filename_key": "Street View 360 131",
        "image_id": "131",
        "motorcycle_count": 2,
        "scooter_count": 0,
        "parking_space_count": 0,
        "other_count": 0,
        "total_detections": 2
      }
    },
    {
      "type": "Feature",
      "geometry": {
        "type": "Point",
        "coordinates": [
          120.21446164355751,
          22.99469937206579
        ]
      },
      "properties": {
        "filename_key": "Street View 360 125",
        "image_id": "125",
        "motorcycle_count": 1,
        "scooter_count": 0,
        "parking_space_count": 0,
        "other_count": 0,
        "total_detections": 1
      }
    },
    {
      "type": "Feature",
      "geometry": {
        "type": "Point",
        "coordinates": [
          120.21908260871767,
          22.99507601497171
        ]
      },
      "properties": {
        "filename_key": "Street View 360 119",
        "image_id": "119",
        "motorcycle_count": 1,
        "scooter_count": 0,
        "parking_space_count": 0,
        "other_count": 0,
        "total_detections": 1
      }
    },
    {
      "type": "Feature",
      "geometry": {
        "type": "Point",
        "coordinates": [
          120.2146691972812,
          22.99674647169244
        ]
      },
      "properties": {
        "filename_key": "Street View 360 496",
        "image_id": "496",
        "motorcycle_count": 1,
        "scooter_count": 0,
        "parking_space_count": 0,
        "other_count": 0,
        "total_detections": 1
      }
    },
    {
      "type": "Feature",
      "geometry": {
        "type": "Point",
        "coordinates": [
          120.2158070825448,
          22.995950922672694
        ]
      },
      "properties": {
        "filename_key": "Street View 360 482",
        "image_id": "482",
        "motorcycle_count": 1,
        "scooter_count": 0,
        "parking_space_count": 0,
        "other_count": 0,
        "total_detections": 1
      }
    },
    {
      "type": "Feature",
      "geometry": {
        "type": "Point",
        "coordinates": [
          120.21721229832566,
          22.994690454269506
        ]
      },
      "properties": {
        "filename_key": "Street View 360 98",
        "image_id": "98",
        "motorcycle_count": 1,
        "scooter_count": 0,
        "parking_space_count": 0,
        "other_count": 0,
        "total_detections": 1
      }
    },
    {
      "type": "Feature",
      "geometry": {
        "type": "Point",
        "coordinates": [
          120.21474254987692,
          22.994926825181157
        ]
      },
      "properties": {
        "filename_key": "Street View 360 333",
        "image_id": "333",
        "motorcycle_count": 1,
        "scooter_count": 0,
        "parking_space_count": 0,
        "other_count": 0,
        "total_detections": 1
      }
    },
    {
      "type": "Feature",
      "geometry": {
        "type": "Point",
        "coordinates": [
          120.21811170607224,
          22.99530182509478
        ]
      },
      "properties": {
        "filename_key": "Street View 360 327",
        "image_id": "327",
        "motorcycle_count": 1,
        "scooter_count": 0,
        "parking_space_count": 0,
        "other_count": 0,
        "total_detections": 1
      }
    },
    {
      "type": "Feature",
      "geometry": {
        "type": "Point",
        "coordinates": [
          120.21898971021531,
          22.9970915057817
        ]
      },
      "properties": {
        "filename_key": "Street View 360 71",
        "image_id": "71",
        "motorcycle_count": 0,
        "scooter_count": 0,
        "parking_space_count": 1,
        "other_count": 0,
        "total_detections": 1
      }
    },
    {
      "type": "Feature",
      "geometry": {
        "type": "Point",
        "coordinates": [
          120.2162816241233,
          22.99533051817973
        ]
      },
      "properties": {
        "filename_key": "Street View 360 319",
        "image_id": "319",
        "motorcycle_count": 1,
        "scooter_count": 0,
        "parking_space_count": 0,
        "other_count": 0,
        "total_detections": 1
      }
    },
    {
      "type": "Feature",
      "geometry": {
        "type": "Point",
        "coordinates": [
          120.2190279262896,
          22.996964617018655
        ]
      },
      "properties": {
        "filename_key": "Street View 360 65",
        "image_id": "65",
        "motorcycle_count": 1,
        "scooter_count": 0,
        "parking_space_count": 1,
        "other_count": 0,
        "total_detections": 2
      }
    },
    {
      "type": "Feature",
      "geometry": {
        "type": "Point",
        "coordinates": [
          120.21736780631,
          22.995467302539534
        ]
      },
      "properties": {
        "filename_key": "Street View 360 457",
        "image_id": "457",
        "motorcycle_count": 1,
        "scooter_count": 0,
        "parking_space_count": 0,
        "other_count": 0,
        "total_detections": 1
      }
    },
    {
      "type": "Feature",
      "geometry": {
        "type": "Point",
        "coordinates": [
          120.21445556752082,
          22.99587993326799
        ]
      },
      "properties": {
        "filename_key": "Street View 360 443",
        "image_id": "443",
        "motorcycle_count": 2,
        "scooter_count": 0,
        "parking_space_count": 0,
        "other_count": 0,
        "total_detections": 2
      }
    },
    {
      "type": "Feature",
      "geometry": {
        "type": "Point",
        "coordinates": [
          120.2147684390186,
          22.99673494575969
        ]
      },
      "properties": {
        "filename_key": "Street View 360 494",
        "image_id": "494",
        "motorcycle_count": 1,
        "scooter_count": 0,
        "parking_space_count": 0,
        "other_count": 0,
        "total_detections": 1
      }
    },
    {
      "type": "Feature",
      "geometry": {
        "type": "Point",
        "coordinates": [
          120.21399431626702,
          22.99682529612123
        ]
      },
      "properties": {
        "filename_key": "Street View 360 480",
        "image_id": "480",
        "motorcycle_count": 1,
        "scooter_count": 0,
        "parking_space_count": 0,
        "other_count": 0,
        "total_detections": 1
      }
    },
    {
      "type": "Feature",
      "geometry": {
        "type": "Point",
        "coordinates": [
          120.21707774766836,
          22.996150829389
        ]
      },
      "properties": {
        "filename_key": "Street View 360 133",
        "image_id": "133",
        "motorcycle_count": 1,
        "scooter_count": 0,
        "parking_space_count": 0,
        "other_count": 0,
        "total_detections": 1
      }
    },
    {
      "type": "Feature",
      "geometry": {
        "type": "Point",
        "coordinates": [
          120.21436689257655,
          22.995354865786663
        ]
      },
      "properties": {
        "filename_key": "Street View 360 127",
        "image_id": "127",
        "motorcycle_count": 3,
        "scooter_count": 0,
        "parking_space_count": 0,
        "other_count": 0,
        "total_detections": 3
      }
    },
    {
      "type": "Feature",
      "geometry": {
        "type": "Point",
        "coordinates": [
          120.21360518380291,
          22.99530913334582
        ]
      },
      "properties": {
        "filename_key": "Street View 360 279",
        "image_id": "279",
        "motorcycle_count": 1,
        "scooter_count": 0,
        "parking_space_count": 0,
        "other_count": 0,
        "total_detections": 1
      }
    },
    {
      "type": "Feature",
      "geometry": {
        "type": "Point",
        "coordinates": [
          120.21444799448915,
          22.994613576843413
        ]
      },
      "properties": {
        "filename_key": "Street View 360 245",
        "image_id": "245",
        "motorcycle_count": 0,
        "scooter_count": 0,
        "parking_space_count": 1,
        "other_count": 0,
        "total_detections": 1
      }
    },
    {
      "type": "Feature",
      "geometry": {
        "type": "Point",
        "coordinates": [
          120.21736375570796,
          22.994457259197617
        ]
      },
      "properties": {
        "filename_key": "Street View 360 286",
        "image_id": "286",
        "motorcycle_count": 0,
        "scooter_count": 0,
        "parking_space_count": 1,
        "other_count": 0,
        "total_detections": 1
      }
    },
    {
      "type": "Feature",
      "geometry": {
        "type": "Point",
        "coordinates": [
          120.21409963456453,
          22.995100218999664
        ]
      },
      "properties": {
        "filename_key": "Street View 360 292",
        "image_id": "292",
        "motorcycle_count": 2,
        "scooter_count": 0,
        "parking_space_count": 0,
        "other_count": 0,
        "total_detections": 2
      }
    },
    {
      "type": "Feature",
      "geometry": {
        "type": "Point",
        "coordinates": [
          120.2138949858895,
          22.995122346113902
        ]
      },
      "properties": {
        "filename_key": "Street View 360 293",
        "image_id": "293",
        "motorcycle_count": 1,
        "scooter_count": 0,
        "parking_space_count": 0,
        "other_count": 0,
        "total_detections": 1
      }
    },
    {
      "type": "Feature",
      "geometry": {
        "type": "Point",
        "coordinates": [
          120.217304493625,
          22.99453169448061
        ]
      },
      "properties": {
        "filename_key": "Street View 360 287",
        "image_id": "287",
        "motorcycle_count": 0,
        "scooter_count": 0,
        "parking_space_count": 1,
        "other_count": 0,
        "total_detections": 1
      }
    },
    {
      "type": "Feature",
      "geometry": {
        "type": "Point",
        "coordinates": [
          120.21872431072161,
          22.994638494002924
        ]
      },
      "properties": {
        "filename_key": "Street View 360 250",
        "image_id": "250",
        "motorcycle_count": 1,
        "scooter_count": 0,
        "parking_space_count": 1,
        "other_count": 0,
        "total_detections": 2
      }
    },
    {
      "type": "Feature",
      "geometry": {
        "type": "Point",
        "coordinates": [
          120.21438142223883,
          22.99453337488648
        ]
      },
      "properties": {
        "filename_key": "Street View 360 244",
        "image_id": "244",
        "motorcycle_count": 0,
        "scooter_count": 0,
        "parking_space_count": 1,
        "other_count": 0,
        "total_detections": 1
      }
    },
    {
      "type": "Feature",
      "geometry": {
        "type": "Point",
        "coordinates": [
          120.21360095696743,
          22.995216448296294
        ]
      },
      "properties": {
        "filename_key": "Street View 360 278",
        "image_id": "278",
        "motorcycle_count": 1,
        "scooter_count": 0,
        "parking_space_count": 0,
        "other_count": 0,
        "total_detections": 1
      }
    },
    {
      "type": "Feature",
      "geometry": {
        "type": "Point",
        "coordinates": [
          120.217083999698,
          22.996243661290386
        ]
      },
      "properties": {
        "filename_key": "Street View 360 132",
        "image_id": "132",
        "motorcycle_count": 1,
        "scooter_count": 0,
        "parking_space_count": 0,
        "other_count": 0,
        "total_detections": 1
      }
    },
    {
      "type": "Feature",
      "geometry": {
        "type": "Point",
        "coordinates": [
          120.21579405001869,
          22.995857953158712
        ]
      },
      "properties": {
        "filename_key": "Street View 360 481",
        "image_id": "481",
        "motorcycle_count": 1,
        "scooter_count": 0,
        "parking_space_count": 0,
        "other_count": 0,
        "total_detections": 1
      }
    },
    {
      "type": "Feature",
      "geometry": {
        "type": "Point",
        "coordinates": [
          120.21493301987233,
          22.996581098186052
        ]
      },
      "properties": {
        "filename_key": "Street View 360 495",
        "image_id": "495",
        "motorcycle_count": 1,
        "scooter_count": 0,
        "parking_space_count": 0,
        "other_count": 0,
        "total_detections": 1
      }
    },
    {
      "type": "Feature",
      "geometry": {
        "type": "Point",
        "coordinates": [
          120.21907838205739,
          22.995168254667824
        ]
      },
      "properties": {
        "filename_key": "Street View 360 324",
        "image_id": "324",
        "motorcycle_count": 1,
        "scooter_count": 0,
        "parking_space_count": 1,
        "other_count": 0,
        "total_detections": 2
      }
    },
    {
      "type": "Feature",
      "geometry": {
        "type": "Point",
        "coordinates": [
          120.21435658972418,
          22.99588894499367
        ]
      },
      "properties": {
        "filename_key": "Street View 360 442",
        "image_id": "442",
        "motorcycle_count": 1,
        "scooter_count": 0,
        "parking_space_count": 0,
        "other_count": 0,
        "total_detections": 1
      }
    },
    {
      "type": "Feature",
      "geometry": {
        "type": "Point",
        "coordinates": [
          120.21746396404338,
          22.99545633908221
        ]
      },
      "properties": {
        "filename_key": "Street View 360 456",
        "image_id": "456",
        "motorcycle_count": 1,
        "scooter_count": 0,
        "parking_space_count": 0,
        "other_count": 0,
        "total_detections": 1
      }
    },
    {
      "type": "Feature",
      "geometry": {
        "type": "Point",
        "coordinates": [
          120.21902193851832,
          22.996877138750467
        ]
      },
      "properties": {
        "filename_key": "Street View 360 64",
        "image_id": "64",
        "motorcycle_count": 0,
        "scooter_count": 0,
        "parking_space_count": 1,
        "other_count": 0,
        "total_detections": 1
      }
    },
    {
      "type": "Feature",
      "geometry": {
        "type": "Point",
        "coordinates": [
          120.21656481605893,
          22.995237204636062
        ]
      },
      "properties": {
        "filename_key": "Street View 360 318",
        "image_id": "318",
        "motorcycle_count": 1,
        "scooter_count": 0,
        "parking_space_count": 0,
        "other_count": 0,
        "total_detections": 1
      }
    },
    {
      "type": "Feature",
      "geometry": {
        "type": "Point",
        "coordinates": [
          120.21935663690526,
          22.99690092289132
        ]
      },
      "properties": {
        "filename_key": "Street View 360 70",
        "image_id": "70",
        "motorcycle_count": 1,
        "scooter_count": 0,
        "parking_space_count": 0,
        "other_count": 0,
        "total_detections": 1
      }
    },
    {
      "type": "Feature",
      "geometry": {
        "type": "Point",
        "coordinates": [
          120.21416233237402,
          22.995742077811496
        ]
      },
      "properties": {
        "filename_key": "Street View 360 357",
        "image_id": "357",
        "motorcycle_count": 1,
        "scooter_count": 0,
        "parking_space_count": 0,
        "other_count": 0,
        "total_detections": 1
      }
    },
    {
      "type": "Feature",
      "geometry": {
        "type": "Point",
        "coordinates": [
          120.21875169602913,
          22.99486708470855
        ]
      },
      "properties": {
        "filename_key": "Street View 360 343",
        "image_id": "343",
        "motorcycle_count": 0,
        "scooter_count": 0,
        "parking_space_count": 1,
        "other_count": 0,
        "total_detections": 1
      }
    },
    {
      "type": "Feature",
      "geometry": {
        "type": "Point",
        "coordinates": [
          120.21677729766934,
          22.995536331852264
        ]
      },
      "properties": {
        "filename_key": "Street View 360 425",
        "image_id": "425",
        "motorcycle_count": 1,
        "scooter_count": 0,
        "parking_space_count": 0,
        "other_count": 0,
        "total_detections": 1
      }
    },
    {
      "type": "Feature",
      "geometry": {
        "type": "Point",
        "coordinates": [
          120.21789552824683,
          22.996773882432763
        ]
      },
      "properties": {
        "filename_key": "Street View 360 17",
        "image_id": "17",
        "motorcycle_count": 1,
        "scooter_count": 0,
        "parking_space_count": 0,
        "other_count": 0,
        "total_detections": 1
      }
    },
    {
      "type": "Feature",
      "geometry": {
        "type": "Point",
        "coordinates": [
          120.21635171770619,
          22.995824400878025
        ]
      },
      "properties": {
        "filename_key": "Street View 360 419",
        "image_id": "419",
        "motorcycle_count": 1,
        "scooter_count": 0,
        "parking_space_count": 0,
        "other_count": 0,
        "total_detections": 1
      }
    },
    {
      "type": "Feature",
      "geometry": {
        "type": "Point",
        "coordinates": [
          120.21338371505263,
          22.99558870030412
        ]
      },
      "properties": {
        "filename_key": "Street View 360 394",
        "image_id": "394",
        "motorcycle_count": 1,
        "scooter_count": 0,
        "parking_space_count": 0,
        "other_count": 0,
        "total_detections": 1
      }
    },
    {
      "type": "Feature",
      "geometry": {
        "type": "Point",
        "coordinates": [
          120.21940304200798,
          22.996580434357902
        ]
      },
      "properties": {
        "filename_key": "Street View 360 380",
        "image_id": "380",
        "motorcycle_count": 0,
        "scooter_count": 0,
        "parking_space_count": 1,
        "other_count": 0,
        "total_detections": 1
      }
    },
    {
      "type": "Feature",
      "geometry": {
        "type": "Point",
        "coordinates": [
          120.21586123796045,
          22.995649943651827
        ]
      },
      "properties": {
        "filename_key": "Street View 360 155",
        "image_id": "155",
        "motorcycle_count": 1,
        "scooter_count": 0,
        "parking_space_count": 0,
        "other_count": 0,
        "total_detections": 1
      }
    },
    {
      "type": "Feature",
      "geometry": {
        "type": "Point",
        "coordinates": [
          120.21894119163503,
          22.996193532324853
        ]
      },
      "properties": {
        "filename_key": "Street View 360 169",
        "image_id": "169",
        "motorcycle_count": 1,
        "scooter_count": 0,
        "parking_space_count": 0,
        "other_count": 0,
        "total_detections": 1
      }
    },
    {
      "type": "Feature",
      "geometry": {
        "type": "Point",
        "coordinates": [
          120.21803236753055,
          22.996276400711558
        ]
      },
      "properties": {
        "filename_key": "Street View 360 196",
        "image_id": "196",
        "motorcycle_count": 1,
        "scooter_count": 0,
        "parking_space_count": 0,
        "other_count": 0,
        "total_detections": 1
      }
    },
    {
      "type": "Feature",
      "geometry": {
        "type": "Point",
        "coordinates": [
          120.21235808535017,
          22.996836036584018
        ]
      },
      "properties": {
        "filename_key": "Street View 360 4",
        "image_id": "4",
        "motorcycle_count": 1,
        "scooter_count": 0,
        "parking_space_count": 0,
        "other_count": 0,
        "total_detections": 1
      }
    },
    {
      "type": "Feature",
      "geometry": {
        "type": "Point",
        "coordinates": [
          120.21829054782664,
          22.996159480197388
        ]
      },
      "properties": {
        "filename_key": "Street View 360 223",
        "image_id": "223",
        "motorcycle_count": 1,
        "scooter_count": 0,
        "parking_space_count": 0,
        "other_count": 0,
        "total_detections": 1
      }
    },
    {
      "type": "Feature",
      "geometry": {
        "type": "Point",
        "coordinates": [
          120.21325373958148,
          22.994443666417332
        ]
      },
      "properties": {
        "filename_key": "Street View 360 237",
        "image_id": "237",
        "motorcycle_count": 2,
        "scooter_count": 0,
        "parking_space_count": 0,
        "other_count": 0,
        "total_detections": 2
      }
    },
    {
      "type": "Feature",
      "geometry": {
        "type": "Point",
        "coordinates": [
          120.21345777283507,
          22.994437320039037
        ]
      },
      "properties": {
        "filename_key": "Street View 360 236",
        "image_id": "236",
        "motorcycle_count": 2,
        "scooter_count": 0,
        "parking_space_count": 0,
        "other_count": 0,
        "total_detections": 2
      }
    },
    {
      "type": "Feature",
      "geometry": {
        "type": "Point",
        "coordinates": [
          120.215820027012,
          22.996043009332773
        ]
      },
      "properties": {
        "filename_key": "Street View 360 183",
        "image_id": "183",
        "motorcycle_count": 1,
        "scooter_count": 0,
        "parking_space_count": 0,
        "other_count": 0,
        "total_detections": 1
      }
    },
    {
      "type": "Feature",
      "geometry": {
        "type": "Point",
        "coordinates": [
          120.21502539287806,
          22.996220576752727
        ]
      },
      "properties": {
        "filename_key": "Street View 360 197",
        "image_id": "197",
        "motorcycle_count": 1,
        "scooter_count": 0,
        "parking_space_count": 0,
        "other_count": 0,
        "total_detections": 1
      }
    },
    {
      "type": "Feature",
      "geometry": {
        "type": "Point",
        "coordinates": [
          120.21243187952764,
          22.99679362604972
        ]
      },
      "properties": {
        "filename_key": "Street View 360 5",
        "image_id": "5",
        "motorcycle_count": 1,
        "scooter_count": 0,
        "parking_space_count": 0,
        "other_count": 0,
        "total_detections": 1
      }
    },
    {
      "type": "Feature",
      "geometry": {
        "type": "Point",
        "coordinates": [
          120.21936024717,
          22.9962136585923
        ]
      },
      "properties": {
        "filename_key": "Street View 360 168",
        "image_id": "168",
        "motorcycle_count": 2,
        "scooter_count": 0,
        "parking_space_count": 0,
        "other_count": 0,
        "total_detections": 2
      }
    },
    {
      "type": "Feature",
      "geometry": {
        "type": "Point",
        "coordinates": [
          120.21927439328655,
          22.996512177566114
        ]
      },
      "properties": {
        "filename_key": "Street View 360 381",
        "image_id": "381",
        "motorcycle_count": 1,
        "scooter_count": 0,
        "parking_space_count": 1,
        "other_count": 0,
        "total_detections": 2
      }
    },
    {
      "type": "Feature",
      "geometry": {
        "type": "Point",
        "coordinates": [
          120.21336865692531,
          22.995497382044608
        ]
      },
      "properties": {
        "filename_key": "Street View 360 395",
        "image_id": "395",
        "motorcycle_count": 2,
        "scooter_count": 0,
        "parking_space_count": 0,
        "other_count": 0,
        "total_detections": 2
      }
    },
    {
      "type": "Feature",
      "geometry": {
        "type": "Point",
        "coordinates": [
          120.21629624163235,
          22.995770063120005
        ]
      },
      "properties": {
        "filename_key": "Street View 360 418",
        "image_id": "418",
        "motorcycle_count": 1,
        "scooter_count": 0,
        "parking_space_count": 0,
        "other_count": 0,
        "total_detections": 1
      }
    },
    {
      "type": "Feature",
      "geometry": {
        "type": "Point",
        "coordinates": [
          120.21793418491855,
          22.99699872033832
        ]
      },
      "properties": {
        "filename_key": "Street View 360 16",
        "image_id": "16",
        "motorcycle_count": 1,
        "scooter_count": 0,
        "parking_space_count": 0,
        "other_count": 0,
        "total_detections": 1
      }
    },
    {
      "type": "Feature",
      "geometry": {
        "type": "Point",
        "coordinates": [
          120.21449043868415,
          22.995792416145015
        ]
      },
      "properties": {
        "filename_key": "Street View 360 424",
        "image_id": "424",
        "motorcycle_count": 1,
        "scooter_count": 0,
        "parking_space_count": 0,
        "other_count": 0,
        "total_detections": 1
      }
    },
    {
      "type": "Feature",
      "geometry": {
        "type": "Point",
        "coordinates": [
          120.21383986102012,
          22.99669254387808
        ]
      },
      "properties": {
        "filename_key": "Street View 360 430",
        "image_id": "430",
        "motorcycle_count": 1,
        "scooter_count": 0,
        "parking_space_count": 0,
        "other_count": 0,
        "total_detections": 1
      }
    },
    {
      "type": "Feature",
      "geometry": {
        "type": "Point",
        "coordinates": [
          120.21420336772199,
          22.99581771330424
        ]
      },
      "properties": {
        "filename_key": "Street View 360 356",
        "image_id": "356",
        "motorcycle_count": 1,
        "scooter_count": 0,
        "parking_space_count": 0,
        "other_count": 0,
        "total_detections": 1
      }
    },
    {
      "type": "Feature",
      "geometry": {
        "type": "Point",
        "coordinates": [
          120.2147850820356,
          22.995762500825872
        ]
      },
      "properties": {
        "filename_key": "Street View 360 340",
        "image_id": "340",
        "motorcycle_count": 2,
        "scooter_count": 0,
        "parking_space_count": 0,
        "other_count": 0,
        "total_detections": 2
      }
    },
    {
      "type": "Feature",
      "geometry": {
        "type": "Point",
        "coordinates": [
          120.21765504651097,
          22.995434752121454
        ]
      },
      "properties": {
        "filename_key": "Street View 360 28",
        "image_id": "28",
        "motorcycle_count": 1,
        "scooter_count": 0,
        "parking_space_count": 0,
        "other_count": 0,
        "total_detections": 1
      }
    },
    {
      "type": "Feature",
      "geometry": {
        "type": "Point",
        "coordinates": [
          120.21420785871425,
          22.9959026406804
        ]
      },
      "properties": {
        "filename_key": "Street View 360 354",
        "image_id": "354",
        "motorcycle_count": 1,
        "scooter_count": 0,
        "parking_space_count": 0,
        "other_count": 0,
        "total_detections": 1
      }
    },
    {
      "type": "Feature",
      "geometry": {
        "type": "Point",
        "coordinates": [
          120.21408704216381,
          22.996814397929857
        ]
      },
      "properties": {
        "filename_key": "Street View 360 432",
        "image_id": "432",
        "motorcycle_count": 1,
        "scooter_count": 0,
        "parking_space_count": 0,
        "other_count": 0,
        "total_detections": 1
      }
    },
    {
      "type": "Feature",
      "geometry": {
        "type": "Point",
        "coordinates": [
          120.2141301909445,
          22.99547752192804
        ]
      },
      "properties": {
        "filename_key": "Street View 360 368",
        "image_id": "368",
        "motorcycle_count": 1,
        "scooter_count": 0,
        "parking_space_count": 0,
        "other_count": 0,
        "total_detections": 1
      }
    },
    {
      "type": "Feature",
      "geometry": {
        "type": "Point",
        "coordinates": [
          120.21745973733128,
          22.996359963346137
        ]
      },
      "properties": {
        "filename_key": "Street View 360 383",
        "image_id": "383",
        "motorcycle_count": 1,
        "scooter_count": 0,
        "parking_space_count": 0,
        "other_count": 0,
        "total_detections": 1
      }
    },
    {
      "type": "Feature",
      "geometry": {
        "type": "Point",
        "coordinates": [
          120.2134145357757,
          22.99577184470557
        ]
      },
      "properties": {
        "filename_key": "Street View 360 397",
        "image_id": "397",
        "motorcycle_count": 1,
        "scooter_count": 0,
        "parking_space_count": 0,
        "other_count": 0,
        "total_detections": 1
      }
    },
    {
      "type": "Feature",
      "geometry": {
        "type": "Point",
        "coordinates": [
          120.21557883703687,
          22.9956823775946
        ]
      },
      "properties": {
        "filename_key": "Street View 360 156",
        "image_id": "156",
        "motorcycle_count": 2,
        "scooter_count": 0,
        "parking_space_count": 0,
        "other_count": 0,
        "total_detections": 2
      }
    },
    {
      "type": "Feature",
      "geometry": {
        "type": "Point",
        "coordinates": [
          120.2158327953628,
          22.996133821911876
        ]
      },
      "properties": {
        "filename_key": "Street View 360 181",
        "image_id": "181",
        "motorcycle_count": 1,
        "scooter_count": 0,
        "parking_space_count": 0,
        "other_count": 0,
        "total_detections": 1
      }
    },
    {
      "type": "Feature",
      "geometry": {
        "type": "Point",
        "coordinates": [
          120.21516267542412,
          22.994569195072927
        ]
      },
      "properties": {
        "filename_key": "Street View 360 234",
        "image_id": "234",
        "motorcycle_count": 2,
        "scooter_count": 0,
        "parking_space_count": 0,
        "other_count": 0,
        "total_detections": 2
      }
    },
    {
      "type": "Feature",
      "geometry": {
        "type": "Point",
        "coordinates": [
          120.21862595251237,
          22.996129536861563
        ]
      },
      "properties": {
        "filename_key": "Street View 360 220",
        "image_id": "220",
        "motorcycle_count": 1,
        "scooter_count": 0,
        "parking_space_count": 0,
        "other_count": 0,
        "total_detections": 1
      }
    },
    {
      "type": "Feature",
      "geometry": {
        "type": "Point",
        "coordinates": [
          120.21549817610725,
          22.99427664571064
        ]
      },
      "properties": {
        "filename_key": "Street View 360 208",
        "image_id": "208",
        "motorcycle_count": 1,
        "scooter_count": 0,
        "parking_space_count": 0,
        "other_count": 0,
        "total_detections": 1
      }
    },
    {
      "type": "Feature",
      "geometry": {
        "type": "Point",
        "coordinates": [
          120.21469464614555,
          22.994188628945565
        ]
      },
      "properties": {
        "filename_key": "Street View 360 209",
        "image_id": "209",
        "motorcycle_count": 1,
        "scooter_count": 0,
        "parking_space_count": 0,
        "other_count": 0,
        "total_detections": 1
      }
    },
    {
      "type": "Feature",
      "geometry": {
        "type": "Point",
        "coordinates": [
          120.21828367946242,
          22.996247030022825
        ]
      },
      "properties": {
        "filename_key": "Street View 360 221",
        "image_id": "221",
        "motorcycle_count": 1,
        "scooter_count": 0,
        "parking_space_count": 0,
        "other_count": 0,
        "total_detections": 1
      }
    },
    {
      "type": "Feature",
      "geometry": {
        "type": "Point",
        "coordinates": [
          120.2133524540262,
          22.99444102090259
        ]
      },
      "properties": {
        "filename_key": "Street View 360 235",
        "image_id": "235",
        "motorcycle_count": 1,
        "scooter_count": 0,
        "parking_space_count": 0,
        "other_count": 0,
        "total_detections": 1
      }
    },
    {
      "type": "Feature",
      "geometry": {
        "type": "Point",
        "coordinates": [
          120.21514400711965,
          22.994217017257085
        ]
      },
      "properties": {
        "filename_key": "Street View 360 6",
        "image_id": "6",
        "motorcycle_count": 1,
        "scooter_count": 0,
        "parking_space_count": 0,
        "other_count": 0,
        "total_detections": 1
      }
    },
    {
      "type": "Feature",
      "geometry": {
        "type": "Point",
        "coordinates": [
          120.21783952448365,
          22.996390041120048
        ]
      },
      "properties": {
        "filename_key": "Street View 360 194",
        "image_id": "194",
        "motorcycle_count": 2,
        "scooter_count": 0,
        "parking_space_count": 0,
        "other_count": 0,
        "total_detections": 2
      }
    },
    {
      "type": "Feature",
      "geometry": {
        "type": "Point",
        "coordinates": [
          120.21584265781222,
          22.996225570816257
        ]
      },
      "properties": {
        "filename_key": "Street View 360 180",
        "image_id": "180",
        "motorcycle_count": 1,
        "scooter_count": 0,
        "parking_space_count": 0,
        "other_count": 0,
        "total_detections": 1
      }
    },
    {
      "type": "Feature",
      "geometry": {
        "type": "Point",
        "coordinates": [
          120.21577996079982,
          22.995757830863177
        ]
      },
      "properties": {
        "filename_key": "Street View 360 157",
        "image_id": "157",
        "motorcycle_count": 1,
        "scooter_count": 0,
        "parking_space_count": 0,
        "other_count": 0,
        "total_detections": 1
      }
    },
    {
      "type": "Feature",
      "geometry": {
        "type": "Point",
        "coordinates": [
          120.21339886123742,
          22.995678771065855
        ]
      },
      "properties": {
        "filename_key": "Street View 360 396",
        "image_id": "396",
        "motorcycle_count": 1,
        "scooter_count": 0,
        "parking_space_count": 0,
        "other_count": 0,
        "total_detections": 1
      }
    },
    {
      "type": "Feature",
      "geometry": {
        "type": "Point",
        "coordinates": [
          120.21742979811683,
          22.996385898176122
        ]
      },
      "properties": {
        "filename_key": "Street View 360 382",
        "image_id": "382",
        "motorcycle_count": 2,
        "scooter_count": 0,
        "parking_space_count": 0,
        "other_count": 0,
        "total_detections": 2
      }
    },
    {
      "type": "Feature",
      "geometry": {
        "type": "Point",
        "coordinates": [
          120.21792080037747,
          22.996903614190472
        ]
      },
      "properties": {
        "filename_key": "Street View 360 15",
        "image_id": "15",
        "motorcycle_count": 1,
        "scooter_count": 0,
        "parking_space_count": 0,
        "other_count": 0,
        "total_detections": 1
      }
    },
    {
      "type": "Feature",
      "geometry": {
        "type": "Point",
        "coordinates": [
          120.21415035639023,
          22.9956513437569
        ]
      },
      "properties": {
        "filename_key": "Street View 360 369",
        "image_id": "369",
        "motorcycle_count": 1,
        "scooter_count": 0,
        "parking_space_count": 0,
        "other_count": 0,
        "total_detections": 1
      }
    },
    {
      "type": "Feature",
      "geometry": {
        "type": "Point",
        "coordinates": [
          120.21388626806025,
          22.99584823321548
        ]
      },
      "properties": {
        "filename_key": "Street View 360 355",
        "image_id": "355",
        "motorcycle_count": 2,
        "scooter_count": 0,
        "parking_space_count": 0,
        "other_count": 0,
        "total_detections": 2
      }
    },
    {
      "type": "Feature",
      "geometry": {
        "type": "Point",
        "coordinates": [
          120.21795329310977,
          22.995400960842566
        ]
      },
      "properties": {
        "filename_key": "Street View 360 29",
        "image_id": "29",
        "motorcycle_count": 2,
        "scooter_count": 0,
        "parking_space_count": 0,
        "other_count": 0,
        "total_detections": 2
      }
    },
    {
      "type": "Feature",
      "geometry": {
        "type": "Point",
        "coordinates": [
          120.21388970235668,
          22.996554778542787
        ]
      },
      "properties": {
        "filename_key": "Street View 360 427",
        "image_id": "427",
        "motorcycle_count": 0,
        "scooter_count": 0,
        "parking_space_count": 1,
        "other_count": 0,
        "total_detections": 1
      }
    },
    {
      "type": "Feature",
      "geometry": {
        "type": "Point",
        "coordinates": [
          120.21469033128652,
          22.995777428097735
        ]
      },
      "properties": {
        "filename_key": "Street View 360 341",
        "image_id": "341",
        "motorcycle_count": 1,
        "scooter_count": 0,
        "parking_space_count": 0,
        "other_count": 0,
        "total_detections": 1
      }
    },
    {
      "type": "Feature",
      "geometry": {
        "type": "Point",
        "coordinates": [
          120.21515536660712,
          22.994387847900132
        ]
      },
      "properties": {
        "filename_key": "Street View 360 11",
        "image_id": "11",
        "motorcycle_count": 1,
        "scooter_count": 0,
        "parking_space_count": 0,
        "other_count": 0,
        "total_detections": 1
      }
    },
    {
      "type": "Feature",
      "geometry": {
        "type": "Point",
        "coordinates": [
          120.21905478320154,
          22.995395889364794
        ]
      },
      "properties": {
        "filename_key": "Street View 360 39",
        "image_id": "39",
        "motorcycle_count": 0,
        "scooter_count": 0,
        "parking_space_count": 1,
        "other_count": 0,
        "total_detections": 1
      }
    },
    {
      "type": "Feature",
      "geometry": {
        "type": "Point",
        "coordinates": [
          120.21863880864774,
          22.996032785576613
        ]
      },
      "properties": {
        "filename_key": "Street View 360 345",
        "image_id": "345",
        "motorcycle_count": 1,
        "scooter_count": 0,
        "parking_space_count": 0,
        "other_count": 0,
        "total_detections": 1
      }
    },
    {
      "type": "Feature",
      "geometry": {
        "type": "Point",
        "coordinates": [
          120.21455243184077,
          22.995871036335874
        ]
      },
      "properties": {
        "filename_key": "Street View 360 423",
        "image_id": "423",
        "motorcycle_count": 1,
        "scooter_count": 0,
        "parking_space_count": 0,
        "other_count": 0,
        "total_detections": 1
      }
    },
    {
      "type": "Feature",
      "geometry": {
        "type": "Point",
        "coordinates": [
          120.21680776537328,
          22.997202294805355
        ]
      },
      "properties": {
        "filename_key": "Street View 360 437",
        "image_id": "437",
        "motorcycle_count": 0,
        "scooter_count": 0,
        "parking_space_count": 1,
        "other_count": 0,
        "total_detections": 1
      }
    },
    {
      "type": "Feature",
      "geometry": {
        "type": "Point",
        "coordinates": [
          120.21408607351754,
          22.9958288399754
        ]
      },
      "properties": {
        "filename_key": "Street View 360 351",
        "image_id": "351",
        "motorcycle_count": 1,
        "scooter_count": 0,
        "parking_space_count": 0,
        "other_count": 0,
        "total_detections": 1
      }
    },
    {
      "type": "Feature",
      "geometry": {
        "type": "Point",
        "coordinates": [
          120.21756769456009,
          22.99636520847089
        ]
      },
      "properties": {
        "filename_key": "Street View 360 386",
        "image_id": "386",
        "motorcycle_count": 1,
        "scooter_count": 0,
        "parking_space_count": 0,
        "other_count": 0,
        "total_detections": 1
      }
    },
    {
      "type": "Feature",
      "geometry": {
        "type": "Point",
        "coordinates": [
          120.21405947977205,
          22.994377602842384
        ]
      },
      "properties": {
        "filename_key": "Street View 360 147",
        "image_id": "147",
        "motorcycle_count": 1,
        "scooter_count": 0,
        "parking_space_count": 0,
        "other_count": 0,
        "total_detections": 1
      }
    },
    {
      "type": "Feature",
      "geometry": {
        "type": "Point",
        "coordinates": [
          120.21789033293017,
          22.996312951372964
        ]
      },
      "properties": {
        "filename_key": "Street View 360 190",
        "image_id": "190",
        "motorcycle_count": 1,
        "scooter_count": 0,
        "parking_space_count": 0,
        "other_count": 0,
        "total_detections": 1
      }
    },
    {
      "type": "Feature",
      "geometry": {
        "type": "Point",
        "coordinates": [
          120.21860191329704,
          22.996255996028623
        ]
      },
      "properties": {
        "filename_key": "Street View 360 219",
        "image_id": "219",
        "motorcycle_count": 1,
        "scooter_count": 0,
        "parking_space_count": 1,
        "other_count": 0,
        "total_detections": 2
      }
    },
    {
      "type": "Feature",
      "geometry": {
        "type": "Point",
        "coordinates": [
          120.21867112509204,
          22.996215362283237
        ]
      },
      "properties": {
        "filename_key": "Street View 360 225",
        "image_id": "225",
        "motorcycle_count": 1,
        "scooter_count": 0,
        "parking_space_count": 0,
        "other_count": 0,
        "total_detections": 1
      }
    },
    {
      "type": "Feature",
      "geometry": {
        "type": "Point",
        "coordinates": [
          120.21838626460902,
          22.9960626605668
        ]
      },
      "properties": {
        "filename_key": "Street View 360 224",
        "image_id": "224",
        "motorcycle_count": 1,
        "scooter_count": 0,
        "parking_space_count": 0,
        "other_count": 0,
        "total_detections": 1
      }
    },
    {
      "type": "Feature",
      "geometry": {
        "type": "Point",
        "coordinates": [
          120.21270187076136,
          22.994328497888823
        ]
      },
      "properties": {
        "filename_key": "Street View 360 230",
        "image_id": "230",
        "motorcycle_count": 1,
        "scooter_count": 0,
        "parking_space_count": 0,
        "other_count": 0,
        "total_detections": 1
      }
    },
    {
      "type": "Feature",
      "geometry": {
        "type": "Point",
        "coordinates": [
          120.21859108244031,
          22.996221804755237
        ]
      },
      "properties": {
        "filename_key": "Street View 360 218",
        "image_id": "218",
        "motorcycle_count": 1,
        "scooter_count": 0,
        "parking_space_count": 1,
        "other_count": 0,
        "total_detections": 2
      }
    },
    {
      "type": "Feature",
      "geometry": {
        "type": "Point",
        "coordinates": [
          120.21794087718861,
          22.99628859979132
        ]
      },
      "properties": {
        "filename_key": "Street View 360 191",
        "image_id": "191",
        "motorcycle_count": 1,
        "scooter_count": 0,
        "parking_space_count": 0,
        "other_count": 0,
        "total_detections": 1
      }
    },
    {
      "type": "Feature",
      "geometry": {
        "type": "Point",
        "coordinates": [
          120.21802576332126,
          22.994287800271394
        ]
      },
      "properties": {
        "filename_key": "Street View 360 3",
        "image_id": "3",
        "motorcycle_count": 2,
        "scooter_count": 0,
        "parking_space_count": 0,
        "other_count": 0,
        "total_detections": 2
      }
    },
    {
      "type": "Feature",
      "geometry": {
        "type": "Point",
        "coordinates": [
          120.21878982411666,
          22.994239280230666
        ]
      },
      "properties": {
        "filename_key": "Street View 360 185",
        "image_id": "185",
        "motorcycle_count": 1,
        "scooter_count": 0,
        "parking_space_count": 0,
        "other_count": 0,
        "total_detections": 1
      }
    },
    {
      "type": "Feature",
      "geometry": {
        "type": "Point",
        "coordinates": [
          120.21457021964453,
          22.99675802416746
        ]
      },
      "properties": {
        "filename_key": "Street View 360 146",
        "image_id": "146",
        "motorcycle_count": 1,
        "scooter_count": 0,
        "parking_space_count": 0,
        "other_count": 0,
        "total_detections": 1
      }
    },
    {
      "type": "Feature",
      "geometry": {
        "type": "Point",
        "coordinates": [
          120.2137858808941,
          22.995858031158672
        ]
      },
      "properties": {
        "filename_key": "Street View 360 393",
        "image_id": "393",
        "motorcycle_count": 2,
        "scooter_count": 0,
        "parking_space_count": 0,
        "other_count": 0,
        "total_detections": 2
      }
    },
    {
      "type": "Feature",
      "geometry": {
        "type": "Point",
        "coordinates": [
          120.21755563082844,
          22.996345285625033
        ]
      },
      "properties": {
        "filename_key": "Street View 360 387",
        "image_id": "387",
        "motorcycle_count": 1,
        "scooter_count": 0,
        "parking_space_count": 0,
        "other_count": 0,
        "total_detections": 1
      }
    },
    {
      "type": "Feature",
      "geometry": {
        "type": "Point",
        "coordinates": [
          120.21949285828956,
          22.9969004087368
        ]
      },
      "properties": {
        "filename_key": "Street View 360 436",
        "image_id": "436",
        "motorcycle_count": 1,
        "scooter_count": 0,
        "parking_space_count": 0,
        "other_count": 0,
        "total_detections": 1
      }
    },
    {
      "type": "Feature",
      "geometry": {
        "type": "Point",
        "coordinates": [
          120.2140612409474,
          22.99591605748727
        ]
      },
      "properties": {
        "filename_key": "Street View 360 350",
        "image_id": "350",
        "motorcycle_count": 1,
        "scooter_count": 0,
        "parking_space_count": 0,
        "other_count": 0,
        "total_detections": 1
      }
    },
    {
      "type": "Feature",
      "geometry": {
        "type": "Point",
        "coordinates": [
          120.21873892796042,
          22.994771276298607
        ]
      },
      "properties": {
        "filename_key": "Street View 360 344",
        "image_id": "344",
        "motorcycle_count": 1,
        "scooter_count": 0,
        "parking_space_count": 1,
        "other_count": 0,
        "total_detections": 2
      }
    },
    {
      "type": "Feature",
      "geometry": {
        "type": "Point",
        "coordinates": [
          120.21906658263,
          22.99565773106259
        ]
      },
      "properties": {
        "filename_key": "Street View 360 38",
        "image_id": "38",
        "motorcycle_count": 1,
        "scooter_count": 0,
        "parking_space_count": 0,
        "other_count": 0,
        "total_detections": 1
      }
    },
    {
      "type": "Feature",
      "geometry": {
        "type": "Point",
        "coordinates": [
          120.21459637299523,
          22.995782439100093
        ]
      },
      "properties": {
        "filename_key": "Street View 360 422",
        "image_id": "422",
        "motorcycle_count": 2,
        "scooter_count": 0,
        "parking_space_count": 0,
        "other_count": 0,
        "total_detections": 2
      }
    },
    {
      "type": "Feature",
      "geometry": {
        "type": "Point",
        "coordinates": [
          120.21492051560921,
          22.99430880264484
        ]
      },
      "properties": {
        "filename_key": "Street View 360 10",
        "image_id": "10",
        "motorcycle_count": 1,
        "scooter_count": 0,
        "parking_space_count": 0,
        "other_count": 0,
        "total_detections": 1
      }
    },
    {
      "type": "Feature",
      "geometry": {
        "type": "Point",
        "coordinates": [
          120.21634766707301,
          22.996518818448767
        ]
      },
      "properties": {
        "filename_key": "Street View 360 378",
        "image_id": "378",
        "motorcycle_count": 1,
        "scooter_count": 0,
        "parking_space_count": 0,
        "other_count": 0,
        "total_detections": 1
      }
    },
    {
      "type": "Feature",
      "geometry": {
        "type": "Point",
        "coordinates": [
          120.21530990837472,
          22.994285675463225
        ]
      },
      "properties": {
        "filename_key": "Street View 360 12",
        "image_id": "12",
        "motorcycle_count": 1,
        "scooter_count": 0,
        "parking_space_count": 0,
        "other_count": 0,
        "total_detections": 1
      }
    },
    {
      "type": "Feature",
      "geometry": {
        "type": "Point",
        "coordinates": [
          120.21677368733401,
          22.996994275292373
        ]
      },
      "properties": {
        "filename_key": "Street View 360 408",
        "image_id": "408",
        "motorcycle_count": 1,
        "scooter_count": 0,
        "parking_space_count": 1,
        "other_count": 0,
        "total_detections": 2
      }
    },
    {
      "type": "Feature",
      "geometry": {
        "type": "Point",
        "coordinates": [
          120.21398577456196,
          22.995838537681063
        ]
      },
      "properties": {
        "filename_key": "Street View 360 352",
        "image_id": "352",
        "motorcycle_count": 1,
        "scooter_count": 0,
        "parking_space_count": 0,
        "other_count": 0,
        "total_detections": 1
      }
    },
    {
      "type": "Feature",
      "geometry": {
        "type": "Point",
        "coordinates": [
          120.21344271471621,
          22.99596021256102
        ]
      },
      "properties": {
        "filename_key": "Street View 360 434",
        "image_id": "434",
        "motorcycle_count": 1,
        "scooter_count": 0,
        "parking_space_count": 0,
        "other_count": 0,
        "total_detections": 1
      }
    },
    {
      "type": "Feature",
      "geometry": {
        "type": "Point",
        "coordinates": [
          120.21871312765228,
          22.99597092679429
        ]
      },
      "properties": {
        "filename_key": "Street View 360 346",
        "image_id": "346",
        "motorcycle_count": 1,
        "scooter_count": 0,
        "parking_space_count": 0,
        "other_count": 0,
        "total_detections": 1
      }
    },
    {
      "type": "Feature",
      "geometry": {
        "type": "Point",
        "coordinates": [
          120.21948687053934,
          22.995792714616584
        ]
      },
      "properties": {
        "filename_key": "Street View 360 391",
        "image_id": "391",
        "motorcycle_count": 1,
        "scooter_count": 0,
        "parking_space_count": 1,
        "other_count": 0,
        "total_detections": 2
      }
    },
    {
      "type": "Feature",
      "geometry": {
        "type": "Point",
        "coordinates": [
          120.21350585313297,
          22.996320451884543
        ]
      },
      "properties": {
        "filename_key": "Street View 360 178",
        "image_id": "178",
        "motorcycle_count": 1,
        "scooter_count": 0,
        "parking_space_count": 0,
        "other_count": 0,
        "total_detections": 1
      }
    },
    {
      "type": "Feature",
      "geometry": {
        "type": "Point",
        "coordinates": [
          120.21447212251871,
          22.99676947408971
        ]
      },
      "properties": {
        "filename_key": "Street View 360 144",
        "image_id": "144",
        "motorcycle_count": 2,
        "scooter_count": 0,
        "parking_space_count": 1,
        "other_count": 0,
        "total_detections": 3
      }
    },
    {
      "type": "Feature",
      "geometry": {
        "type": "Point",
        "coordinates": [
          120.2124684243616,
          22.9943555862862
        ]
      },
      "properties": {
        "filename_key": "Street View 360 1",
        "image_id": "1",
        "motorcycle_count": 1,
        "scooter_count": 1,
        "parking_space_count": 0,
        "other_count": 0,
        "total_detections": 2
      }
    },
    {
      "type": "Feature",
      "geometry": {
        "type": "Point",
        "coordinates": [
          120.21767168916445,
          22.996350554425124
        ]
      },
      "properties": {
        "filename_key": "Street View 360 193",
        "image_id": "193",
        "motorcycle_count": 1,
        "scooter_count": 0,
        "parking_space_count": 0,
        "other_count": 0,
        "total_detections": 1
      }
    },
    {
      "type": "Feature",
      "geometry": {
        "type": "Point",
        "coordinates": [
          120.21784824205211,
          22.9963009566562
        ]
      },
      "properties": {
        "filename_key": "Street View 360 187",
        "image_id": "187",
        "motorcycle_count": 1,
        "scooter_count": 0,
        "parking_space_count": 0,
        "other_count": 0,
        "total_detections": 1
      }
    },
    {
      "type": "Feature",
      "geometry": {
        "type": "Point",
        "coordinates": [
          120.21846278515153,
          22.996020332244502
        ]
      },
      "properties": {
        "filename_key": "Street View 360 226",
        "image_id": "226",
        "motorcycle_count": 1,
        "scooter_count": 0,
        "parking_space_count": 0,
        "other_count": 0,
        "total_detections": 1
      }
    },
    {
      "type": "Feature",
      "geometry": {
        "type": "Point",
        "coordinates": [
          120.21824009175795,
          22.996275332137518
        ]
      },
      "properties": {
        "filename_key": "Street View 360 227",
        "image_id": "227",
        "motorcycle_count": 1,
        "scooter_count": 0,
        "parking_space_count": 0,
        "other_count": 0,
        "total_detections": 1
      }
    },
    {
      "type": "Feature",
      "geometry": {
        "type": "Point",
        "coordinates": [
          120.21869921485603,
          22.994362066713364
        ]
      },
      "properties": {
        "filename_key": "Street View 360 186",
        "image_id": "186",
        "motorcycle_count": 0,
        "scooter_count": 0,
        "parking_space_count": 1,
        "other_count": 0,
        "total_detections": 1
      }
    },
    {
      "type": "Feature",
      "geometry": {
        "type": "Point",
        "coordinates": [
          120.212370325676,
          22.994376619520896
        ]
      },
      "properties": {
        "filename_key": "Street View 360 0",
        "image_id": "0",
        "motorcycle_count": 2,
        "scooter_count": 0,
        "parking_space_count": 0,
        "other_count": 0,
        "total_detections": 2
      }
    },
    {
      "type": "Feature",
      "geometry": {
        "type": "Point",
        "coordinates": [
          120.21765636735658,
          22.996329839233084
        ]
      },
      "properties": {
        "filename_key": "Street View 360 192",
        "image_id": "192",
        "motorcycle_count": 1,
        "scooter_count": 0,
        "parking_space_count": 0,
        "other_count": 0,
        "total_detections": 1
      }
    },
    {
      "type": "Feature",
      "geometry": {
        "type": "Point",
        "coordinates": [
          120.21417888740864,
          22.996803684102225
        ]
      },
      "properties": {
        "filename_key": "Street View 360 145",
        "image_id": "145",
        "motorcycle_count": 1,
        "scooter_count": 0,
        "parking_space_count": 0,
        "other_count": 0,
        "total_detections": 1
      }
    },
    {
      "type": "Feature",
      "geometry": {
        "type": "Point",
        "coordinates": [
          120.21347617720026,
          22.996143786751702
        ]
      },
      "properties": {
        "filename_key": "Street View 360 179",
        "image_id": "179",
        "motorcycle_count": 1,
        "scooter_count": 0,
        "parking_space_count": 0,
        "other_count": 0,
        "total_detections": 1
      }
    },
    {
      "type": "Feature",
      "geometry": {
        "type": "Point",
        "coordinates": [
          120.21466127202832,
          22.995861024145803
        ]
      },
      "properties": {
        "filename_key": "Street View 360 421",
        "image_id": "421",
        "motorcycle_count": 2,
        "scooter_count": 0,
        "parking_space_count": 0,
        "other_count": 0,
        "total_detections": 2
      }
    },
    {
      "type": "Feature",
      "geometry": {
        "type": "Point",
        "coordinates": [
          120.21720578213208,
          22.995217994577636
        ]
      },
      "properties": {
        "filename_key": "Street View 360 347",
        "image_id": "347",
        "motorcycle_count": 1,
        "scooter_count": 0,
        "parking_space_count": 0,
        "other_count": 0,
        "total_detections": 1
      }
    },
    {
      "type": "Feature",
      "geometry": {
        "type": "Point",
        "coordinates": [
          120.21394887791209,
          22.995926315264892
        ]
      },
      "properties": {
        "filename_key": "Street View 360 353",
        "image_id": "353",
        "motorcycle_count": 0,
        "scooter_count": 0,
        "parking_space_count": 1,
        "other_count": 0,
        "total_detections": 1
      }
    },
    {
      "type": "Feature",
      "geometry": {
        "type": "Point",
        "coordinates": [
          120.21345935790012,
          22.996053247142836
        ]
      },
      "properties": {
        "filename_key": "Street View 360 435",
        "image_id": "435",
        "motorcycle_count": 1,
        "scooter_count": 0,
        "parking_space_count": 0,
        "other_count": 0,
        "total_detections": 1
      }
    },
    {
      "type": "Feature",
      "geometry": {
        "type": "Point",
        "coordinates": [
          120.21674718218628,
          22.996799827199414
        ]
      },
      "properties": {
        "filename_key": "Street View 360 409",
        "image_id": "409",
        "motorcycle_count": 0,
        "scooter_count": 0,
        "parking_space_count": 1,
        "other_count": 0,
        "total_detections": 1
      }
    },
    {
      "type": "Feature",
      "geometry": {
        "type": "Point",
        "coordinates": [
          120.21801775021356,
          22.994195337746074
        ]
      },
      "properties": {
        "filename_key": "Street View 360 2",
        "image_id": "2",
        "motorcycle_count": 0,
        "scooter_count": 0,
        "parking_space_count": 0,
        "other_count": 0,
        "total_detections": 0
      }
    },
    {
      "type": "Feature",
      "geometry": {
        "type": "Point",
        "coordinates": [
          120.21510561380589,
          22.99429699607449
        ]
      },
      "properties": {
        "filename_key": "Street View 360 7",
        "image_id": "7",
        "motorcycle_count": 0,
        "scooter_count": 0,
        "parking_space_count": 0,
        "other_count": 0,
        "total_detections": 0
      }
    },
    {
      "type": "Feature",
      "geometry": {
        "type": "Point",
        "coordinates": [
          120.21506316980843,
          22.99669788110408
        ]
      },
      "properties": {
        "filename_key": "Street View 360 13",
        "image_id": "13",
        "motorcycle_count": 0,
        "scooter_count": 0,
        "parking_space_count": 0,
        "other_count": 0,
        "total_detections": 0
      }
    },
    {
      "type": "Feature",
      "geometry": {
        "type": "Point",
        "coordinates": [
          120.21516214707593,
          22.996684853486485
        ]
      },
      "properties": {
        "filename_key": "Street View 360 14",
        "image_id": "14",
        "motorcycle_count": 0,
        "scooter_count": 0,
        "parking_space_count": 0,
        "other_count": 0,
        "total_detections": 0
      }
    },
    {
      "type": "Feature",
      "geometry": {
        "type": "Point",
        "coordinates": [
          120.2177655572129,
          22.99711785876064
        ]
      },
      "properties": {
        "filename_key": "Street View 360 18",
        "image_id": "18",
        "motorcycle_count": 0,
        "scooter_count": 0,
        "parking_space_count": 0,
        "other_count": 0,
        "total_detections": 0
      }
    },
    {
      "type": "Feature",
      "geometry": {
        "type": "Point",
        "coordinates": [
          120.21789499990955,
          22.997100331535275
        ]
      },
      "properties": {
        "filename_key": "Street View 360 19",
        "image_id": "19",
        "motorcycle_count": 0,
        "scooter_count": 0,
        "parking_space_count": 0,
        "other_count": 0,
        "total_detections": 0
      }
    },
    {
      "type": "Feature",
      "geometry": {
        "type": "Point",
        "coordinates": [
          120.21913324057536,
          22.994200124071543
        ]
      },
      "properties": {
        "filename_key": "Street View 360 22",
        "image_id": "22",
        "motorcycle_count": 0,
        "scooter_count": 0,
        "parking_space_count": 0,
        "other_count": 0,
        "total_detections": 0
      }
    },
    {
      "type": "Feature",
      "geometry": {
        "type": "Point",
        "coordinates": [
          120.21372441573193,
          22.995783232383623
        ]
      },
      "properties": {
        "filename_key": "Street View 360 36",
        "image_id": "36",
        "motorcycle_count": 0,
        "scooter_count": 0,
        "parking_space_count": 0,
        "other_count": 0,
        "total_detections": 0
      }
    },
    {
      "type": "Feature",
      "geometry": {
        "type": "Point",
        "coordinates": [
          120.21639495380471,
          22.995574460278895
        ]
      },
      "properties": {
        "filename_key": "Street View 360 40",
        "image_id": "40",
        "motorcycle_count": 0,
        "scooter_count": 0,
        "parking_space_count": 0,
        "other_count": 0,
        "total_detections": 0
      }
    },
    {
      "type": "Feature",
      "geometry": {
        "type": "Point",
        "coordinates": [
          120.21630936216621,
          22.995517908701178
        ]
      },
      "properties": {
        "filename_key": "Street View 360 42",
        "image_id": "42",
        "motorcycle_count": 0,
        "scooter_count": 0,
        "parking_space_count": 0,
        "other_count": 0,
        "total_detections": 0
      }
    },
    {
      "type": "Feature",
      "geometry": {
        "type": "Point",
        "coordinates": [
          120.21378526448144,
          22.996852116693105
        ]
      },
      "properties": {
        "filename_key": "Street View 360 49",
        "image_id": "49",
        "motorcycle_count": 0,
        "scooter_count": 0,
        "parking_space_count": 0,
        "other_count": 0,
        "total_detections": 0
      }
    },
    {
      "type": "Feature",
      "geometry": {
        "type": "Point",
        "coordinates": [
          120.2136141658279,
          22.996894094336895
        ]
      },
      "properties": {
        "filename_key": "Street View 360 50",
        "image_id": "50",
        "motorcycle_count": 0,
        "scooter_count": 0,
        "parking_space_count": 0,
        "other_count": 0,
        "total_detections": 0
      }
    },
    {
      "type": "Feature",
      "geometry": {
        "type": "Point",
        "coordinates": [
          120.21509020364242,
          22.995731537399667
        ]
      },
      "properties": {
        "filename_key": "Street View 360 58",
        "image_id": "58",
        "motorcycle_count": 0,
        "scooter_count": 0,
        "parking_space_count": 0,
        "other_count": 0,
        "total_detections": 0
      }
    },
    {
      "type": "Feature",
      "geometry": {
        "type": "Point",
        "coordinates": [
          120.21519085399197,
          22.99572823797829
        ]
      },
      "properties": {
        "filename_key": "Street View 360 59",
        "image_id": "59",
        "motorcycle_count": 0,
        "scooter_count": 0,
        "parking_space_count": 0,
        "other_count": 0,
        "total_detections": 0
      }
    },
    {
      "type": "Feature",
      "geometry": {
        "type": "Point",
        "coordinates": [
          120.21901568658036,
          22.99678307930071
        ]
      },
      "properties": {
        "filename_key": "Street View 360 67",
        "image_id": "67",
        "motorcycle_count": 0,
        "scooter_count": 0,
        "parking_space_count": 0,
        "other_count": 0,
        "total_detections": 0
      }
    },
    {
      "type": "Feature",
      "geometry": {
        "type": "Point",
        "coordinates": [
          120.2143626657654,
          22.99434246143382
        ]
      },
      "properties": {
        "filename_key": "Street View 360 73",
        "image_id": "73",
        "motorcycle_count": 0,
        "scooter_count": 0,
        "parking_space_count": 0,
        "other_count": 0,
        "total_detections": 0
      }
    },
    {
      "type": "Feature",
      "geometry": {
        "type": "Point",
        "coordinates": [
          120.21288195267044,
          22.99424302010688
        ]
      },
      "properties": {
        "filename_key": "Street View 360 87",
        "image_id": "87",
        "motorcycle_count": 0,
        "scooter_count": 0,
        "parking_space_count": 0,
        "other_count": 0,
        "total_detections": 0
      }
    },
    {
      "type": "Feature",
      "geometry": {
        "type": "Point",
        "coordinates": [
          120.21314789225376,
          22.994299911601793
        ]
      },
      "properties": {
        "filename_key": "Street View 360 88",
        "image_id": "88",
        "motorcycle_count": 0,
        "scooter_count": 0,
        "parking_space_count": 0,
        "other_count": 0,
        "total_detections": 0
      }
    },
    {
      "type": "Feature",
      "geometry": {
        "type": "Point",
        "coordinates": [
          120.21714977807655,
          22.994859303747404
        ]
      },
      "properties": {
        "filename_key": "Street View 360 94",
        "image_id": "94",
        "motorcycle_count": 0,
        "scooter_count": 0,
        "parking_space_count": 0,
        "other_count": 0,
        "total_detections": 0
      }
    },
    {
      "type": "Feature",
      "geometry": {
        "type": "Point",
        "coordinates": [
          120.21716624468024,
          22.994947702209178
        ]
      },
      "properties": {
        "filename_key": "Street View 360 95",
        "image_id": "95",
        "motorcycle_count": 0,
        "scooter_count": 0,
        "parking_space_count": 0,
        "other_count": 0,
        "total_detections": 0
      }
    },
    {
      "type": "Feature",
      "geometry": {
        "type": "Point",
        "coordinates": [
          120.21553172612872,
          22.99494754375371
        ]
      },
      "properties": {
        "filename_key": "Street View 360 100",
        "image_id": "100",
        "motorcycle_count": 0,
        "scooter_count": 0,
        "parking_space_count": 0,
        "other_count": 0,
        "total_detections": 0
      }
    },
    {
      "type": "Feature",
      "geometry": {
        "type": "Point",
        "coordinates": [
          120.21726196227714,
          22.995479229545786
        ]
      },
      "properties": {
        "filename_key": "Street View 360 105",
        "image_id": "105",
        "motorcycle_count": 0,
        "scooter_count": 0,
        "parking_space_count": 0,
        "other_count": 0,
        "total_detections": 0
      }
    },
    {
      "type": "Feature",
      "geometry": {
        "type": "Point",
        "coordinates": [
          120.21686984549977,
          22.995526288799972
        ]
      },
      "properties": {
        "filename_key": "Street View 360 108",
        "image_id": "108",
        "motorcycle_count": 0,
        "scooter_count": 0,
        "parking_space_count": 0,
        "other_count": 0,
        "total_detections": 0
      }
    },
    {
      "type": "Feature",
      "geometry": {
        "type": "Point",
        "coordinates": [
          120.2170550290229,
          22.995783364611334
        ]
      },
      "properties": {
        "filename_key": "Street View 360 109",
        "image_id": "109",
        "motorcycle_count": 0,
        "scooter_count": 0,
        "parking_space_count": 0,
        "other_count": 0,
        "total_detections": 0
      }
    },
    {
      "type": "Feature",
      "geometry": {
        "type": "Point",
        "coordinates": [
          120.2132458142437,
          22.9947654484546
        ]
      },
      "properties": {
        "filename_key": "Street View 360 113",
        "image_id": "113",
        "motorcycle_count": 0,
        "scooter_count": 0,
        "parking_space_count": 0,
        "other_count": 0,
        "total_detections": 0
      }
    },
    {
      "type": "Feature",
      "geometry": {
        "type": "Point",
        "coordinates": [
          120.21434073918046,
          22.994904210954772
        ]
      },
      "properties": {
        "filename_key": "Street View 360 121",
        "image_id": "121",
        "motorcycle_count": 0,
        "scooter_count": 0,
        "parking_space_count": 0,
        "other_count": 0,
        "total_detections": 0
      }
    },
    {
      "type": "Feature",
      "geometry": {
        "type": "Point",
        "coordinates": [
          120.21447132999226,
          22.994790257726855
        ]
      },
      "properties": {
        "filename_key": "Street View 360 122",
        "image_id": "122",
        "motorcycle_count": 0,
        "scooter_count": 0,
        "parking_space_count": 0,
        "other_count": 0,
        "total_detections": 0
      }
    },
    {
      "type": "Feature",
      "geometry": {
        "type": "Point",
        "coordinates": [
          120.21454459463934,
          22.994890606793263
        ]
      },
      "properties": {
        "filename_key": "Street View 360 123",
        "image_id": "123",
        "motorcycle_count": 0,
        "scooter_count": 0,
        "parking_space_count": 0,
        "other_count": 0,
        "total_detections": 0
      }
    },
    {
      "type": "Feature",
      "geometry": {
        "type": "Point",
        "coordinates": [
          120.21463793655877,
          22.99488728227511
        ]
      },
      "properties": {
        "filename_key": "Street View 360 126",
        "image_id": "126",
        "motorcycle_count": 0,
        "scooter_count": 0,
        "parking_space_count": 0,
        "other_count": 0,
        "total_detections": 0
      }
    },
    {
      "type": "Feature",
      "geometry": {
        "type": "Point",
        "coordinates": [
          120.21707140758164,
          22.996056213385973
        ]
      },
      "properties": {
        "filename_key": "Street View 360 135",
        "image_id": "135",
        "motorcycle_count": 0,
        "scooter_count": 0,
        "parking_space_count": 0,
        "other_count": 0,
        "total_detections": 0
      }
    },
    {
      "type": "Feature",
      "geometry": {
        "type": "Point",
        "coordinates": [
          120.2172631070134,
          22.99639008722191
        ]
      },
      "properties": {
        "filename_key": "Street View 360 140",
        "image_id": "140",
        "motorcycle_count": 0,
        "scooter_count": 0,
        "parking_space_count": 0,
        "other_count": 0,
        "total_detections": 0
      }
    },
    {
      "type": "Feature",
      "geometry": {
        "type": "Point",
        "coordinates": [
          120.21437367308582,
          22.996780997716687
        ]
      },
      "properties": {
        "filename_key": "Street View 360 141",
        "image_id": "141",
        "motorcycle_count": 0,
        "scooter_count": 0,
        "parking_space_count": 0,
        "other_count": 0,
        "total_detections": 0
      }
    },
    {
      "type": "Feature",
      "geometry": {
        "type": "Point",
        "coordinates": [
          120.21373551116446,
          22.996579286146538
        ]
      },
      "properties": {
        "filename_key": "Street View 360 142",
        "image_id": "142",
        "motorcycle_count": 0,
        "scooter_count": 0,
        "parking_space_count": 0,
        "other_count": 0,
        "total_detections": 0
      }
    },
    {
      "type": "Feature",
      "geometry": {
        "type": "Point",
        "coordinates": [
          120.21427478328648,
          22.996792531554945
        ]
      },
      "properties": {
        "filename_key": "Street View 360 143",
        "image_id": "143",
        "motorcycle_count": 0,
        "scooter_count": 0,
        "parking_space_count": 0,
        "other_count": 0,
        "total_detections": 0
      }
    },
    {
      "type": "Feature",
      "geometry": {
        "type": "Point",
        "coordinates": [
          120.21396305538498,
          22.994390257133162
        ]
      },
      "properties": {
        "filename_key": "Street View 360 149",
        "image_id": "149",
        "motorcycle_count": 0,
        "scooter_count": 0,
        "parking_space_count": 0,
        "other_count": 0,
        "total_detections": 0
      }
    },
    {
      "type": "Feature",
      "geometry": {
        "type": "Point",
        "coordinates": [
          120.21565491891664,
          22.996619501607213
        ]
      },
      "properties": {
        "filename_key": "Street View 360 150",
        "image_id": "150",
        "motorcycle_count": 0,
        "scooter_count": 0,
        "parking_space_count": 0,
        "other_count": 0,
        "total_detections": 0
      }
    },
    {
      "type": "Feature",
      "geometry": {
        "type": "Point",
        "coordinates": [
          120.21823639340663,
          22.996963767385644
        ]
      },
      "properties": {
        "filename_key": "Street View 360 151",
        "image_id": "151",
        "motorcycle_count": 0,
        "scooter_count": 0,
        "parking_space_count": 0,
        "other_count": 0,
        "total_detections": 0
      }
    },
    {
      "type": "Feature",
      "geometry": {
        "type": "Point",
        "coordinates": [
          120.21822820419972,
          22.996871342144225
        ]
      },
      "properties": {
        "filename_key": "Street View 360 152",
        "image_id": "152",
        "motorcycle_count": 0,
        "scooter_count": 0,
        "parking_space_count": 0,
        "other_count": 0,
        "total_detections": 0
      }
    },
    {
      "type": "Feature",
      "geometry": {
        "type": "Point",
        "coordinates": [
          120.21575900308399,
          22.995664390826676
        ]
      },
      "properties": {
        "filename_key": "Street View 360 153",
        "image_id": "153",
        "motorcycle_count": 0,
        "scooter_count": 0,
        "parking_space_count": 0,
        "other_count": 0,
        "total_detections": 0
      }
    },
    {
      "type": "Feature",
      "geometry": {
        "type": "Point",
        "coordinates": [
          120.21567693334129,
          22.99567256629978
        ]
      },
      "properties": {
        "filename_key": "Street View 360 154",
        "image_id": "154",
        "motorcycle_count": 0,
        "scooter_count": 0,
        "parking_space_count": 0,
        "other_count": 0,
        "total_detections": 0
      }
    },
    {
      "type": "Feature",
      "geometry": {
        "type": "Point",
        "coordinates": [
          120.21596171160778,
          22.99563553752373
        ]
      },
      "properties": {
        "filename_key": "Street View 360 158",
        "image_id": "158",
        "motorcycle_count": 0,
        "scooter_count": 0,
        "parking_space_count": 0,
        "other_count": 0,
        "total_detections": 0
      }
    },
    {
      "type": "Feature",
      "geometry": {
        "type": "Point",
        "coordinates": [
          120.21918862740266,
          22.99618316056582
        ]
      },
      "properties": {
        "filename_key": "Street View 360 161",
        "image_id": "161",
        "motorcycle_count": 0,
        "scooter_count": 0,
        "parking_space_count": 0,
        "other_count": 0,
        "total_detections": 0
      }
    },
    {
      "type": "Feature",
      "geometry": {
        "type": "Point",
        "coordinates": [
          120.21373057986125,
          22.996332382744313
        ]
      },
      "properties": {
        "filename_key": "Street View 360 174",
        "image_id": "174",
        "motorcycle_count": 0,
        "scooter_count": 0,
        "parking_space_count": 0,
        "other_count": 0,
        "total_detections": 0
      }
    },
    {
      "type": "Feature",
      "geometry": {
        "type": "Point",
        "coordinates": [
          120.2137851764225,
          22.99641918934879
        ]
      },
      "properties": {
        "filename_key": "Street View 360 177",
        "image_id": "177",
        "motorcycle_count": 0,
        "scooter_count": 0,
        "parking_space_count": 0,
        "other_count": 0,
        "total_detections": 0
      }
    },
    {
      "type": "Feature",
      "geometry": {
        "type": "Point",
        "coordinates": [
          120.21585172774273,
          22.99631814116129
        ]
      },
      "properties": {
        "filename_key": "Street View 360 182",
        "image_id": "182",
        "motorcycle_count": 0,
        "scooter_count": 0,
        "parking_space_count": 0,
        "other_count": 0,
        "total_detections": 0
      }
    },
    {
      "type": "Feature",
      "geometry": {
        "type": "Point",
        "coordinates": [
          120.21586097378776,
          22.99640928172638
        ]
      },
      "properties": {
        "filename_key": "Street View 360 184",
        "image_id": "184",
        "motorcycle_count": 0,
        "scooter_count": 0,
        "parking_space_count": 0,
        "other_count": 0,
        "total_detections": 0
      }
    },
    {
      "type": "Feature",
      "geometry": {
        "type": "Point",
        "coordinates": [
          120.21800137177215,
          22.99629624806578
        ]
      },
      "properties": {
        "filename_key": "Street View 360 195",
        "image_id": "195",
        "motorcycle_count": 0,
        "scooter_count": 0,
        "parking_space_count": 0,
        "other_count": 0,
        "total_detections": 0
      }
    },
    {
      "type": "Feature",
      "geometry": {
        "type": "Point",
        "coordinates": [
          120.2151185583418,
          22.996208520884842
        ]
      },
      "properties": {
        "filename_key": "Street View 360 198",
        "image_id": "198",
        "motorcycle_count": 0,
        "scooter_count": 0,
        "parking_space_count": 0,
        "other_count": 0,
        "total_detections": 0
      }
    },
    {
      "type": "Feature",
      "geometry": {
        "type": "Point",
        "coordinates": [
          120.21501253639116,
          22.99643416879115
        ]
      },
      "properties": {
        "filename_key": "Street View 360 204",
        "image_id": "204",
        "motorcycle_count": 0,
        "scooter_count": 0,
        "parking_space_count": 0,
        "other_count": 0,
        "total_detections": 0
      }
    },
    {
      "type": "Feature",
      "geometry": {
        "type": "Point",
        "coordinates": [
          120.214913294837,
          22.996389815308135
        ]
      },
      "properties": {
        "filename_key": "Street View 360 206",
        "image_id": "206",
        "motorcycle_count": 0,
        "scooter_count": 0,
        "parking_space_count": 0,
        "other_count": 0,
        "total_detections": 0
      }
    },
    {
      "type": "Feature",
      "geometry": {
        "type": "Point",
        "coordinates": [
          120.21832894021502,
          22.996105310491615
        ]
      },
      "properties": {
        "filename_key": "Street View 360 222",
        "image_id": "222",
        "motorcycle_count": 0,
        "scooter_count": 0,
        "parking_space_count": 0,
        "other_count": 0,
        "total_detections": 0
      }
    },
    {
      "type": "Feature",
      "geometry": {
        "type": "Point",
        "coordinates": [
          120.21260157075554,
          22.994335571515297
        ]
      },
      "properties": {
        "filename_key": "Street View 360 231",
        "image_id": "231",
        "motorcycle_count": 0,
        "scooter_count": 0,
        "parking_space_count": 0,
        "other_count": 0,
        "total_detections": 0
      }
    },
    {
      "type": "Feature",
      "geometry": {
        "type": "Point",
        "coordinates": [
          120.21281379455864,
          22.99432693792554
        ]
      },
      "properties": {
        "filename_key": "Street View 360 232",
        "image_id": "232",
        "motorcycle_count": 0,
        "scooter_count": 0,
        "parking_space_count": 0,
        "other_count": 0,
        "total_detections": 0
      }
    },
    {
      "type": "Feature",
      "geometry": {
        "type": "Point",
        "coordinates": [
          120.21515915310273,
          22.994480624125465
        ]
      },
      "properties": {
        "filename_key": "Street View 360 233",
        "image_id": "233",
        "motorcycle_count": 0,
        "scooter_count": 0,
        "parking_space_count": 0,
        "other_count": 0,
        "total_detections": 0
      }
    },
    {
      "type": "Feature",
      "geometry": {
        "type": "Point",
        "coordinates": [
          120.2129708927893,
          22.994424237340915
        ]
      },
      "properties": {
        "filename_key": "Street View 360 243",
        "image_id": "243",
        "motorcycle_count": 0,
        "scooter_count": 0,
        "parking_space_count": 0,
        "other_count": 0,
        "total_detections": 0
      }
    },
    {
      "type": "Feature",
      "geometry": {
        "type": "Point",
        "coordinates": [
          120.21803351226012,
          22.994376385335983
        ]
      },
      "properties": {
        "filename_key": "Street View 360 251",
        "image_id": "251",
        "motorcycle_count": 0,
        "scooter_count": 0,
        "parking_space_count": 0,
        "other_count": 0,
        "total_detections": 0
      }
    },
    {
      "type": "Feature",
      "geometry": {
        "type": "Point",
        "coordinates": [
          120.21742618779932,
          22.994386092807627
        ]
      },
      "properties": {
        "filename_key": "Street View 360 252",
        "image_id": "252",
        "motorcycle_count": 0,
        "scooter_count": 0,
        "parking_space_count": 0,
        "other_count": 0,
        "total_detections": 0
      }
    },
    {
      "type": "Feature",
      "geometry": {
        "type": "Point",
        "coordinates": [
          120.2194210052692,
          22.994728941794513
        ]
      },
      "properties": {
        "filename_key": "Street View 360 253",
        "image_id": "253",
        "motorcycle_count": 0,
        "scooter_count": 0,
        "parking_space_count": 0,
        "other_count": 0,
        "total_detections": 0
      }
    },
    {
      "type": "Feature",
      "geometry": {
        "type": "Point",
        "coordinates": [
          120.21381177022317,
          22.99447740796256
        ]
      },
      "properties": {
        "filename_key": "Street View 360 254",
        "image_id": "254",
        "motorcycle_count": 0,
        "scooter_count": 0,
        "parking_space_count": 0,
        "other_count": 0,
        "total_detections": 0
      }
    },
    {
      "type": "Feature",
      "geometry": {
        "type": "Point",
        "coordinates": [
          120.21389031876885,
          22.994523967289815
        ]
      },
      "properties": {
        "filename_key": "Street View 360 255",
        "image_id": "255",
        "motorcycle_count": 0,
        "scooter_count": 0,
        "parking_space_count": 0,
        "other_count": 0,
        "total_detections": 0
      }
    },
    {
      "type": "Feature",
      "geometry": {
        "type": "Point",
        "coordinates": [
          120.21275963789438,
          22.99443553626443
        ]
      },
      "properties": {
        "filename_key": "Street View 360 260",
        "image_id": "260",
        "motorcycle_count": 0,
        "scooter_count": 0,
        "parking_space_count": 0,
        "other_count": 0,
        "total_detections": 0
      }
    },
    {
      "type": "Feature",
      "geometry": {
        "type": "Point",
        "coordinates": [
          120.21254600504791,
          22.994535577818407
        ]
      },
      "properties": {
        "filename_key": "Street View 360 262",
        "image_id": "262",
        "motorcycle_count": 0,
        "scooter_count": 0,
        "parking_space_count": 0,
        "other_count": 0,
        "total_detections": 0
      }
    },
    {
      "type": "Feature",
      "geometry": {
        "type": "Point",
        "coordinates": [
          120.2180491862487,
          22.99455630425513
        ]
      },
      "properties": {
        "filename_key": "Street View 360 267",
        "image_id": "267",
        "motorcycle_count": 0,
        "scooter_count": 0,
        "parking_space_count": 0,
        "other_count": 0,
        "total_detections": 0
      }
    },
    {
      "type": "Feature",
      "geometry": {
        "type": "Point",
        "coordinates": [
          120.21805702324228,
          22.994646591425695
        ]
      },
      "properties": {
        "filename_key": "Street View 360 269",
        "image_id": "269",
        "motorcycle_count": 0,
        "scooter_count": 0,
        "parking_space_count": 0,
        "other_count": 0,
        "total_detections": 0
      }
    },
    {
      "type": "Feature",
      "geometry": {
        "type": "Point",
        "coordinates": [
          120.21330754380622,
          22.99513212929568
        ]
      },
      "properties": {
        "filename_key": "Street View 360 273",
        "image_id": "273",
        "motorcycle_count": 0,
        "scooter_count": 0,
        "parking_space_count": 0,
        "other_count": 0,
        "total_detections": 0
      }
    },
    {
      "type": "Feature",
      "geometry": {
        "type": "Point",
        "coordinates": [
          120.21354151707892,
          22.99515605520539
        ]
      },
      "properties": {
        "filename_key": "Street View 360 275",
        "image_id": "275",
        "motorcycle_count": 0,
        "scooter_count": 0,
        "parking_space_count": 0,
        "other_count": 0,
        "total_detections": 0
      }
    },
    {
      "type": "Feature",
      "geometry": {
        "type": "Point",
        "coordinates": [
          120.21472449792137,
          22.994551001977104
        ]
      },
      "properties": {
        "filename_key": "Street View 360 282",
        "image_id": "282",
        "motorcycle_count": 0,
        "scooter_count": 0,
        "parking_space_count": 0,
        "other_count": 0,
        "total_detections": 0
      }
    },
    {
      "type": "Feature",
      "geometry": {
        "type": "Point",
        "coordinates": [
          120.21411416425617,
          22.995289641754287
        ]
      },
      "properties": {
        "filename_key": "Street View 360 290",
        "image_id": "290",
        "motorcycle_count": 0,
        "scooter_count": 0,
        "parking_space_count": 0,
        "other_count": 0,
        "total_detections": 0
      }
    },
    {
      "type": "Feature",
      "geometry": {
        "type": "Point",
        "coordinates": [
          120.21807331362072,
          22.994834082843063
        ]
      },
      "properties": {
        "filename_key": "Street View 360 296",
        "image_id": "296",
        "motorcycle_count": 0,
        "scooter_count": 0,
        "parking_space_count": 0,
        "other_count": 0,
        "total_detections": 0
      }
    },
    {
      "type": "Feature",
      "geometry": {
        "type": "Point",
        "coordinates": [
          120.21950914849093,
          22.995020673712613
        ]
      },
      "properties": {
        "filename_key": "Street View 360 300",
        "image_id": "300",
        "motorcycle_count": 0,
        "scooter_count": 0,
        "parking_space_count": 0,
        "other_count": 0,
        "total_detections": 0
      }
    },
    {
      "type": "Feature",
      "geometry": {
        "type": "Point",
        "coordinates": [
          120.21479450427181,
          22.99528932121767
        ]
      },
      "properties": {
        "filename_key": "Street View 360 302",
        "image_id": "302",
        "motorcycle_count": 0,
        "scooter_count": 0,
        "parking_space_count": 0,
        "other_count": 0,
        "total_detections": 0
      }
    },
    {
      "type": "Feature",
      "geometry": {
        "type": "Point",
        "coordinates": [
          120.21460341766793,
          22.995334746902376
        ]
      },
      "properties": {
        "filename_key": "Street View 360 305",
        "image_id": "305",
        "motorcycle_count": 0,
        "scooter_count": 0,
        "parking_space_count": 0,
        "other_count": 0,
        "total_detections": 0
      }
    },
    {
      "type": "Feature",
      "geometry": {
        "type": "Point",
        "coordinates": [
          120.21480392650734,
          22.995384194765258
        ]
      },
      "properties": {
        "filename_key": "Street View 360 306",
        "image_id": "306",
        "motorcycle_count": 0,
        "scooter_count": 0,
        "parking_space_count": 0,
        "other_count": 0,
        "total_detections": 0
      }
    },
    {
      "type": "Feature",
      "geometry": {
        "type": "Point",
        "coordinates": [
          120.21407304082173,
          22.994547810001556
        ]
      },
      "properties": {
        "filename_key": "Street View 360 308",
        "image_id": "308",
        "motorcycle_count": 0,
        "scooter_count": 0,
        "parking_space_count": 0,
        "other_count": 0,
        "total_detections": 0
      }
    },
    {
      "type": "Feature",
      "geometry": {
        "type": "Point",
        "coordinates": [
          120.21405763053788,
          22.99472203573672
        ]
      },
      "properties": {
        "filename_key": "Street View 360 311",
        "image_id": "311",
        "motorcycle_count": 0,
        "scooter_count": 0,
        "parking_space_count": 0,
        "other_count": 0,
        "total_detections": 0
      }
    },
    {
      "type": "Feature",
      "geometry": {
        "type": "Point",
        "coordinates": [
          120.21302355235622,
          22.99450792800605
        ]
      },
      "properties": {
        "filename_key": "Street View 360 314",
        "image_id": "314",
        "motorcycle_count": 0,
        "scooter_count": 0,
        "parking_space_count": 0,
        "other_count": 0,
        "total_detections": 0
      }
    },
    {
      "type": "Feature",
      "geometry": {
        "type": "Point",
        "coordinates": [
          120.21307603578333,
          22.99443614147982
        ]
      },
      "properties": {
        "filename_key": "Street View 360 316",
        "image_id": "316",
        "motorcycle_count": 0,
        "scooter_count": 0,
        "parking_space_count": 0,
        "other_count": 0,
        "total_detections": 0
      }
    },
    {
      "type": "Feature",
      "geometry": {
        "type": "Point",
        "coordinates": [
          120.21601709976458,
          22.99529759424303
        ]
      },
      "properties": {
        "filename_key": "Street View 360 322",
        "image_id": "322",
        "motorcycle_count": 0,
        "scooter_count": 0,
        "parking_space_count": 0,
        "other_count": 0,
        "total_detections": 0
      }
    },
    {
      "type": "Feature",
      "geometry": {
        "type": "Point",
        "coordinates": [
          120.21905478320154,
          22.99530371564868
        ]
      },
      "properties": {
        "filename_key": "Street View 360 325",
        "image_id": "325",
        "motorcycle_count": 0,
        "scooter_count": 0,
        "parking_space_count": 0,
        "other_count": 0,
        "total_detections": 0
      }
    },
    {
      "type": "Feature",
      "geometry": {
        "type": "Point",
        "coordinates": [
          120.2154876972274,
          22.995691551233683
        ]
      },
      "properties": {
        "filename_key": "Street View 360 330",
        "image_id": "330",
        "motorcycle_count": 0,
        "scooter_count": 0,
        "parking_space_count": 0,
        "other_count": 0,
        "total_detections": 0
      }
    },
    {
      "type": "Feature",
      "geometry": {
        "type": "Point",
        "coordinates": [
          120.21529106397513,
          22.995711347645976
        ]
      },
      "properties": {
        "filename_key": "Street View 360 331",
        "image_id": "331",
        "motorcycle_count": 0,
        "scooter_count": 0,
        "parking_space_count": 0,
        "other_count": 0,
        "total_detections": 0
      }
    },
    {
      "type": "Feature",
      "geometry": {
        "type": "Point",
        "coordinates": [
          120.2147378827862,
          22.994827514457693
        ]
      },
      "properties": {
        "filename_key": "Street View 360 332",
        "image_id": "332",
        "motorcycle_count": 0,
        "scooter_count": 0,
        "parking_space_count": 0,
        "other_count": 0,
        "total_detections": 0
      }
    },
    {
      "type": "Feature",
      "geometry": {
        "type": "Point",
        "coordinates": [
          120.21948352444352,
          22.99489503177434
        ]
      },
      "properties": {
        "filename_key": "Street View 360 336",
        "image_id": "336",
        "motorcycle_count": 0,
        "scooter_count": 0,
        "parking_space_count": 0,
        "other_count": 0,
        "total_detections": 0
      }
    },
    {
      "type": "Feature",
      "geometry": {
        "type": "Point",
        "coordinates": [
          120.21938948150527,
          22.994975851311683
        ]
      },
      "properties": {
        "filename_key": "Street View 360 337",
        "image_id": "337",
        "motorcycle_count": 0,
        "scooter_count": 0,
        "parking_space_count": 0,
        "other_count": 0,
        "total_detections": 0
      }
    },
    {
      "type": "Feature",
      "geometry": {
        "type": "Point",
        "coordinates": [
          120.2148341304915,
          22.995659642581003
        ]
      },
      "properties": {
        "filename_key": "Street View 360 339",
        "image_id": "339",
        "motorcycle_count": 0,
        "scooter_count": 0,
        "parking_space_count": 0,
        "other_count": 0,
        "total_detections": 0
      }
    },
    {
      "type": "Feature",
      "geometry": {
        "type": "Point",
        "coordinates": [
          120.21488168193942,
          22.995762999602373
        ]
      },
      "properties": {
        "filename_key": "Street View 360 342",
        "image_id": "342",
        "motorcycle_count": 0,
        "scooter_count": 0,
        "parking_space_count": 0,
        "other_count": 0,
        "total_detections": 0
      }
    },
    {
      "type": "Feature",
      "geometry": {
        "type": "Point",
        "coordinates": [
          120.21719266168725,
          22.995127338625625
        ]
      },
      "properties": {
        "filename_key": "Street View 360 348",
        "image_id": "348",
        "motorcycle_count": 0,
        "scooter_count": 0,
        "parking_space_count": 0,
        "other_count": 0,
        "total_detections": 0
      }
    },
    {
      "type": "Feature",
      "geometry": {
        "type": "Point",
        "coordinates": [
          120.21721890257561,
          22.995308896308085
        ]
      },
      "properties": {
        "filename_key": "Street View 360 349",
        "image_id": "349",
        "motorcycle_count": 0,
        "scooter_count": 0,
        "parking_space_count": 0,
        "other_count": 0,
        "total_detections": 0
      }
    },
    {
      "type": "Feature",
      "geometry": {
        "type": "Point",
        "coordinates": [
          120.21543961765042,
          22.994932749119407
        ]
      },
      "properties": {
        "filename_key": "Street View 360 370",
        "image_id": "370",
        "motorcycle_count": 0,
        "scooter_count": 0,
        "parking_space_count": 0,
        "other_count": 0,
        "total_detections": 0
      }
    },
    {
      "type": "Feature",
      "geometry": {
        "type": "Point",
        "coordinates": [
          120.21605241080316,
          22.996558945817604
        ]
      },
      "properties": {
        "filename_key": "Street View 360 372",
        "image_id": "372",
        "motorcycle_count": 0,
        "scooter_count": 0,
        "parking_space_count": 0,
        "other_count": 0,
        "total_detections": 0
      }
    },
    {
      "type": "Feature",
      "geometry": {
        "type": "Point",
        "coordinates": [
          120.21949611632998,
          22.99650784600934
        ]
      },
      "properties": {
        "filename_key": "Street View 360 379",
        "image_id": "379",
        "motorcycle_count": 0,
        "scooter_count": 0,
        "parking_space_count": 0,
        "other_count": 0,
        "total_detections": 0
      }
    },
    {
      "type": "Feature",
      "geometry": {
        "type": "Point",
        "coordinates": [
          120.21736146623721,
          22.99637497512525
        ]
      },
      "properties": {
        "filename_key": "Street View 360 384",
        "image_id": "384",
        "motorcycle_count": 0,
        "scooter_count": 0,
        "parking_space_count": 0,
        "other_count": 0,
        "total_detections": 0
      }
    },
    {
      "type": "Feature",
      "geometry": {
        "type": "Point",
        "coordinates": [
          120.21729489545453,
          22.996405960677674
        ]
      },
      "properties": {
        "filename_key": "Street View 360 385",
        "image_id": "385",
        "motorcycle_count": 0,
        "scooter_count": 0,
        "parking_space_count": 0,
        "other_count": 0,
        "total_detections": 0
      }
    },
    {
      "type": "Feature",
      "geometry": {
        "type": "Point",
        "coordinates": [
          120.21943659103796,
          22.995874281506836
        ]
      },
      "properties": {
        "filename_key": "Street View 360 390",
        "image_id": "390",
        "motorcycle_count": 0,
        "scooter_count": 0,
        "parking_space_count": 0,
        "other_count": 0,
        "total_detections": 0
      }
    },
    {
      "type": "Feature",
      "geometry": {
        "type": "Point",
        "coordinates": [
          120.21951513624012,
          22.99598293886902
        ]
      },
      "properties": {
        "filename_key": "Street View 360 392",
        "image_id": "392",
        "motorcycle_count": 0,
        "scooter_count": 0,
        "parking_space_count": 0,
        "other_count": 0,
        "total_detections": 0
      }
    },
    {
      "type": "Feature",
      "geometry": {
        "type": "Point",
        "coordinates": [
          120.21487463728155,
          22.99603387598324
        ]
      },
      "properties": {
        "filename_key": "Street View 360 400",
        "image_id": "400",
        "motorcycle_count": 0,
        "scooter_count": 0,
        "parking_space_count": 0,
        "other_count": 0,
        "total_detections": 0
      }
    },
    {
      "type": "Feature",
      "geometry": {
        "type": "Point",
        "coordinates": [
          120.21814622404665,
          22.995754401649222
        ]
      },
      "properties": {
        "filename_key": "Street View 360 404",
        "image_id": "404",
        "motorcycle_count": 0,
        "scooter_count": 0,
        "parking_space_count": 0,
        "other_count": 0,
        "total_detections": 0
      }
    },
    {
      "type": "Feature",
      "geometry": {
        "type": "Point",
        "coordinates": [
          120.21367475045109,
          22.997272155752203
        ]
      },
      "properties": {
        "filename_key": "Street View 360 406",
        "image_id": "406",
        "motorcycle_count": 0,
        "scooter_count": 0,
        "parking_space_count": 0,
        "other_count": 0,
        "total_detections": 0
      }
    },
    {
      "type": "Feature",
      "geometry": {
        "type": "Point",
        "coordinates": [
          120.2181242100334,
          22.996264209734296
        ]
      },
      "properties": {
        "filename_key": "Street View 360 411",
        "image_id": "411",
        "motorcycle_count": 0,
        "scooter_count": 0,
        "parking_space_count": 0,
        "other_count": 0,
        "total_detections": 0
      }
    },
    {
      "type": "Feature",
      "geometry": {
        "type": "Point",
        "coordinates": [
          120.21818294341259,
          22.996210121832092
        ]
      },
      "properties": {
        "filename_key": "Street View 360 412",
        "image_id": "412",
        "motorcycle_count": 0,
        "scooter_count": 0,
        "parking_space_count": 0,
        "other_count": 0,
        "total_detections": 0
      }
    },
    {
      "type": "Feature",
      "geometry": {
        "type": "Point",
        "coordinates": [
          120.2147652689199,
          22.99585153456625
        ]
      },
      "properties": {
        "filename_key": "Street View 360 420",
        "image_id": "420",
        "motorcycle_count": 0,
        "scooter_count": 0,
        "parking_space_count": 0,
        "other_count": 0,
        "total_detections": 0
      }
    },
    {
      "type": "Feature",
      "geometry": {
        "type": "Point",
        "coordinates": [
          120.21398189997392,
          22.996683117088985
        ]
      },
      "properties": {
        "filename_key": "Street View 360 426",
        "image_id": "426",
        "motorcycle_count": 0,
        "scooter_count": 0,
        "parking_space_count": 0,
        "other_count": 0,
        "total_detections": 0
      }
    },
    {
      "type": "Feature",
      "geometry": {
        "type": "Point",
        "coordinates": [
          120.21405965588959,
          22.99672869386201
        ]
      },
      "properties": {
        "filename_key": "Street View 360 429",
        "image_id": "429",
        "motorcycle_count": 0,
        "scooter_count": 0,
        "parking_space_count": 0,
        "other_count": 0,
        "total_detections": 0
      }
    },
    {
      "type": "Feature",
      "geometry": {
        "type": "Point",
        "coordinates": [
          120.21379706438042,
          22.99651051557388
        ]
      },
      "properties": {
        "filename_key": "Street View 360 431",
        "image_id": "431",
        "motorcycle_count": 0,
        "scooter_count": 0,
        "parking_space_count": 0,
        "other_count": 0,
        "total_detections": 0
      }
    },
    {
      "type": "Feature",
      "geometry": {
        "type": "Point",
        "coordinates": [
          120.21342783271399,
          22.995864269131165
        ]
      },
      "properties": {
        "filename_key": "Street View 360 433",
        "image_id": "433",
        "motorcycle_count": 0,
        "scooter_count": 0,
        "parking_space_count": 0,
        "other_count": 0,
        "total_detections": 0
      }
    },
    {
      "type": "Feature",
      "geometry": {
        "type": "Point",
        "coordinates": [
          120.21555611813373,
          22.996632738455688
        ]
      },
      "properties": {
        "filename_key": "Street View 360 441",
        "image_id": "441",
        "motorcycle_count": 0,
        "scooter_count": 0,
        "parking_space_count": 0,
        "other_count": 0,
        "total_detections": 0
      }
    },
    {
      "type": "Feature",
      "geometry": {
        "type": "Point",
        "coordinates": [
          120.21676109518809,
          22.99646188704145
        ]
      },
      "properties": {
        "filename_key": "Street View 360 445",
        "image_id": "445",
        "motorcycle_count": 0,
        "scooter_count": 0,
        "parking_space_count": 0,
        "other_count": 0,
        "total_detections": 0
      }
    },
    {
      "type": "Feature",
      "geometry": {
        "type": "Point",
        "coordinates": [
          120.21787148889857,
          22.99664225374111
        ]
      },
      "properties": {
        "filename_key": "Street View 360 448",
        "image_id": "448",
        "motorcycle_count": 0,
        "scooter_count": 0,
        "parking_space_count": 0,
        "other_count": 0,
        "total_detections": 0
      }
    },
    {
      "type": "Feature",
      "geometry": {
        "type": "Point",
        "coordinates": [
          120.2190086421429,
          22.996678124999004
        ]
      },
      "properties": {
        "filename_key": "Street View 360 450",
        "image_id": "450",
        "motorcycle_count": 0,
        "scooter_count": 0,
        "parking_space_count": 0,
        "other_count": 0,
        "total_detections": 0
      }
    },
    {
      "type": "Feature",
      "geometry": {
        "type": "Point",
        "coordinates": [
          120.21891459886658,
          22.996010904199558
        ]
      },
      "properties": {
        "filename_key": "Street View 360 455",
        "image_id": "455",
        "motorcycle_count": 0,
        "scooter_count": 0,
        "parking_space_count": 0,
        "other_count": 0,
        "total_detections": 0
      }
    },
    {
      "type": "Feature",
      "geometry": {
        "type": "Point",
        "coordinates": [
          120.2174827200766,
          22.99716513984792
        ]
      },
      "properties": {
        "filename_key": "Street View 360 459",
        "image_id": "459",
        "motorcycle_count": 0,
        "scooter_count": 0,
        "parking_space_count": 0,
        "other_count": 0,
        "total_detections": 0
      }
    },
    {
      "type": "Feature",
      "geometry": {
        "type": "Point",
        "coordinates": [
          120.21723986005992,
          22.997204866141534
        ]
      },
      "properties": {
        "filename_key": "Street View 360 465",
        "image_id": "465",
        "motorcycle_count": 0,
        "scooter_count": 0,
        "parking_space_count": 0,
        "other_count": 0,
        "total_detections": 0
      }
    },
    {
      "type": "Feature",
      "geometry": {
        "type": "Point",
        "coordinates": [
          120.21665965352113,
          22.99647641528706
        ]
      },
      "properties": {
        "filename_key": "Street View 360 469",
        "image_id": "469",
        "motorcycle_count": 0,
        "scooter_count": 0,
        "parking_space_count": 0,
        "other_count": 0,
        "total_detections": 0
      }
    },
    {
      "type": "Feature",
      "geometry": {
        "type": "Point",
        "coordinates": [
          120.21811522831493,
          22.996561376522262
        ]
      },
      "properties": {
        "filename_key": "Street View 360 470",
        "image_id": "470",
        "motorcycle_count": 0,
        "scooter_count": 0,
        "parking_space_count": 0,
        "other_count": 0,
        "total_detections": 0
      }
    },
    {
      "type": "Feature",
      "geometry": {
        "type": "Point",
        "coordinates": [
          120.21820337240791,
          22.996589533437874
        ]
      },
      "properties": {
        "filename_key": "Street View 360 471",
        "image_id": "471",
        "motorcycle_count": 0,
        "scooter_count": 0,
        "parking_space_count": 0,
        "other_count": 0,
        "total_detections": 0
      }
    },
    {
      "type": "Feature",
      "geometry": {
        "type": "Point",
        "coordinates": [
          120.21821992693631,
          22.996777296680094
        ]
      },
      "properties": {
        "filename_key": "Street View 360 474",
        "image_id": "474",
        "motorcycle_count": 0,
        "scooter_count": 0,
        "parking_space_count": 0,
        "other_count": 0,
        "total_detections": 0
      }
    },
    {
      "type": "Feature",
      "geometry": {
        "type": "Point",
        "coordinates": [
          120.21356282738277,
          22.996595376036954
        ]
      },
      "properties": {
        "filename_key": "Street View 360 478",
        "image_id": "478",
        "motorcycle_count": 0,
        "scooter_count": 0,
        "parking_space_count": 0,
        "other_count": 0,
        "total_detections": 0
      }
    },
    {
      "type": "Feature",
      "geometry": {
        "type": "Point",
        "coordinates": [
          120.21911193116979,
          22.996599546268317
        ]
      },
      "properties": {
        "filename_key": "Street View 360 483",
        "image_id": "483",
        "motorcycle_count": 0,
        "scooter_count": 0,
        "parking_space_count": 0,
        "other_count": 0,
        "total_detections": 0
      }
    },
    {
      "type": "Feature",
      "geometry": {
        "type": "Point",
        "coordinates": [
          120.21917682798512,
          22.996521062137987
        ]
      },
      "properties": {
        "filename_key": "Street View 360 484",
        "image_id": "484",
        "motorcycle_count": 0,
        "scooter_count": 0,
        "parking_space_count": 0,
        "other_count": 0,
        "total_detections": 0
      }
    },
    {
      "type": "Feature",
      "geometry": {
        "type": "Point",
        "coordinates": [
          120.2181633069184,
          22.995942791861484
        ]
      },
      "properties": {
        "filename_key": "Street View 360 486",
        "image_id": "486",
        "motorcycle_count": 0,
        "scooter_count": 0,
        "parking_space_count": 0,
        "other_count": 0,
        "total_detections": 0
      }
    },
    {
      "type": "Feature",
      "geometry": {
        "type": "Point",
        "coordinates": [
          120.21534310621232,
          22.996411556526038
        ]
      },
      "properties": {
        "filename_key": "Street View 360 488",
        "image_id": "488",
        "motorcycle_count": 0,
        "scooter_count": 0,
        "parking_space_count": 0,
        "other_count": 0,
        "total_detections": 0
      }
    },
    {
      "type": "Feature",
      "geometry": {
        "type": "Point",
        "coordinates": [
          120.21882337330234,
          22.995974708306374
        ]
      },
      "properties": {
        "filename_key": "Street View 360 489",
        "image_id": "489",
        "motorcycle_count": 0,
        "scooter_count": 0,
        "parking_space_count": 0,
        "other_count": 0,
        "total_detections": 0
      }
    },
    {
      "type": "Feature",
      "geometry": {
        "type": "Point",
        "coordinates": [
          120.21492289318046,
          22.996483258882073
        ]
      },
      "properties": {
        "filename_key": "Street View 360 497",
        "image_id": "497",
        "motorcycle_count": 0,
        "scooter_count": 0,
        "parking_space_count": 0,
        "other_count": 0,
        "total_detections": 0
      }
    },
    {
      "type": "Feature",
      "geometry": {
        "type": "Point",
        "coordinates": [
          120.21494341073799,
          22.996678636340533
        ]
      },
      "properties": {
        "filename_key": "Street View 360 499",
        "image_id": "499",
        "motorcycle_count": 0,
        "scooter_count": 0,
        "parking_space_count": 0,
        "other_count": 0,
        "total_detections": 0
      }
    },
    {
      "type": "Feature",
      "geometry": {
        "type": "Point",
        "coordinates": [
          120.21511327485793,
          22.996540314930108
        ]
      },
      "properties": {
        "filename_key": "Street View 360 500",
        "image_id": "500",
        "motorcycle_count": 0,
        "scooter_count": 0,
        "parking_space_count": 0,
        "other_count": 0,
        "total_detections": 0
      }
    },
    {
      "type": "Feature",
      "geometry": {
        "type": "Point",
        "coordinates": [
          120.21512023144501,
          22.996620874365064
        ]
      },
      "properties": {
        "filename_key": "Street View 360 502",
        "image_id": "502",
        "motorcycle_count": 0,
        "scooter_count": 0,
        "parking_space_count": 0,
        "other_count": 0,
        "total_detections": 0
      }
    },
    {
      "type": "Feature",
      "geometry": {
        "type": "Point",
        "coordinates": [
          120.21781425233746,
          22.997221054065434
        ]
      },
      "properties": {
        "filename_key": "Street View 360 505",
        "image_id": "505",
        "motorcycle_count": 0,
        "scooter_count": 0,
        "parking_space_count": 0,
        "other_count": 0,
        "total_detections": 0
      }
    },
    {
      "type": "Feature",
      "geometry": {
        "type": "Point",
        "coordinates": [
          120.21673309306905,
          22.996657264266652
        ]
      },
      "properties": {
        "filename_key": "Street View 360 508",
        "image_id": "508",
        "motorcycle_count": 0,
        "scooter_count": 0,
        "parking_space_count": 0,
        "other_count": 0,
        "total_detections": 0
      }
    },
    {
      "type": "Feature",
      "geometry": {
        "type": "Point",
        "coordinates": [
          120.21535323287199,
          22.996496531820238
        ]
      },
      "properties": {
        "filename_key": "Street View 360 511",
        "image_id": "511",
        "motorcycle_count": 0,
        "scooter_count": 0,
        "parking_space_count": 0,
        "other_count": 0,
        "total_detections": 0
      }
    },
    {
      "type": "Feature",
      "geometry": {
        "type": "Point",
        "coordinates": [
          120.21703495207717,
          22.997237625890996
        ]
      },
      "properties": {
        "filename_key": "Street View 360 519",
        "image_id": "519",
        "motorcycle_count": 0,
        "scooter_count": 0,
        "parking_space_count": 0,
        "other_count": 0,
        "total_detections": 0
      }
    }
  ]
}